package	metadata_names	description	license	status	registered_module	binding_flag	configuration_file	delivery	implementation_evidence	python_stub_status	docstring_status	test_status	missing_apis_or_deficiencies	blocker	evidence_state
AABB_tree	AABB_tree	Data structure for efficient intersection and distance queries over sets of 2D and 3D geometric primitives.	GPL (v3 or later)	UNSUPPORTED				none	Dedicated JSON documentation input: src/libs/cgalpy/lib/docstrings/json/AABB_tree.json. The exact ownership audit found no direct include of a public header owned by this package in tracked binding sources and no dedicated configuration, test, or authoritative build manifest.	No registered Python module or standalone stub exists for this package.	Documentation or example source material exists, but it is not connected to a registered binding module. Such source material alone does not constitute an exposed Python API.	No dedicated binding configuration, CMake test, or authoritative build manifest exists for this package.	The package has documentation or example source material but no Python binding route. Its classes and functions are not exposed through a standalone module, stub, generated module documentation, or dedicated variant.		VERIFIED-UNSUPPORTED-DOC-ONLY-CURRENT-SOURCE
Advancing_front_surface_reconstruction	Advancing_front_surface_reconstruction	Surface reconstruction using an advancing front method.	GPL (v3 or later)	UNSUPPORTED				none	Dedicated JSON documentation input: src/libs/cgalpy/lib/docstrings/json/Advancing_front_surface_reconstruction.json. The exact ownership audit found no direct include of a public header owned by this package in tracked binding sources and no dedicated configuration, test, or authoritative build manifest.	No registered Python module or standalone stub exists for this package.	Documentation or example source material exists, but it is not connected to a registered binding module. Such source material alone does not constitute an exposed Python API.	No dedicated binding configuration, CMake test, or authoritative build manifest exists for this package.	The package has documentation or example source material but no Python binding route. Its classes and functions are not exposed through a standalone module, stub, generated module documentation, or dedicated variant.		VERIFIED-UNSUPPORTED-DOC-ONLY-CURRENT-SOURCE
Algebraic_foundations	Algebraic_foundations		LGPL (v3 or later)	PARTIAL				Dependency or cross-package delivery through existing registered bindings; no standalone Python module is registered for this CGAL package.	Tracked binding sources directly include 1 public header(s) owned by this package from 1 binding source/header file(s). Included headers: CGAL/number_utils.h. Binding files: src/libs/cgalpy/lib/binding_surface_mesh_shortest_path.cpp.	No standalone package stub exists. Python-visible symbols derived from these headers can appear only in stubs for the registered modules containing the wrapper code.	A dedicated package JSON documentation input exists: src/libs/cgalpy/lib/docstrings/json/Algebraic_foundations.json. No standalone generated Python documentation module is registered for this package.	No dedicated package configuration, CMake test, or authoritative build manifest was identified. Coverage is indirect through registered variants compiling the listed binding files.	The package is not independently bound. Only selected headers are consumed as dependencies or cross-package implementation details; its complete public API, standalone module, independent stub, module documentation, and dedicated build route are absent.		VERIFIED-PARTIAL-DEPENDENCY-CURRENT-SOURCE
Algebraic_kernel_d	Algebraic_kernel_d	The package introduces concepts for univariate and bivariate algebraic kernel, as well as models for these concepts which support various coefficient types. Moreover, the package provides a special univariate algebraic kernel based on RS.	LGPL (v3 or later)	PARTIAL				Dependency or cross-package delivery through existing registered bindings; no standalone Python module is registered for this CGAL package.	Tracked binding sources directly include 1 public header(s) owned by this package from 1 binding source/header file(s). Included headers: CGAL/Algebraic_kernel_d_1.h. Binding files: src/libs/cgalpy/lib/export_kernel_algebraic.cpp.	No standalone package stub exists. Python-visible symbols derived from these headers can appear only in stubs for the registered modules containing the wrapper code.	A dedicated package JSON documentation input exists: src/libs/cgalpy/lib/docstrings/json/Algebraic_kernel_d.json. No standalone generated Python documentation module is registered for this package.	No dedicated package configuration, CMake test, or authoritative build manifest was identified. Coverage is indirect through registered variants compiling the listed binding files.	The package is not independently bound. Only selected headers are consumed as dependencies or cross-package implementation details; its complete public API, standalone module, independent stub, module documentation, and dedicated build route are absent.		VERIFIED-PARTIAL-DEPENDENCY-CURRENT-SOURCE
Algebraic_kernel_for_circles	Algebraic_kernel_for_circles		GPL (v3 or later)	UNSUPPORTED				none	The exact ownership audit found no direct include of a public header owned by this package in tracked binding sources, no dedicated JSON documentation input, no configuration or CMake test, no authoritative build manifest, and no dedicated Python example directory.	No registered Python module or standalone stub exists for this package.	No dedicated generated-docstring input or standalone Python module documentation was identified.	No dedicated binding configuration, CMake test, build manifest, or maintained Python example was identified.	No standalone or cross-delivered Python API is evidenced for this package. Its public API, module, stub, generated documentation, and binding-library route are absent.		VERIFIED-UNSUPPORTED-NO-BINDING-EVIDENCE-CURRENT-SOURCE
Algebraic_kernel_for_spheres	Algebraic_kernel_for_spheres		GPL (v3 or later)	UNSUPPORTED				none	The exact ownership audit found no direct include of a public header owned by this package in tracked binding sources, no dedicated JSON documentation input, no configuration or CMake test, no authoritative build manifest, and no dedicated Python example directory.	No registered Python module or standalone stub exists for this package.	No dedicated generated-docstring input or standalone Python module documentation was identified.	No dedicated binding configuration, CMake test, build manifest, or maintained Python example was identified.	No standalone or cross-delivered Python API is evidenced for this package. Its public API, module, stub, generated documentation, and binding-library route are absent.		VERIFIED-UNSUPPORTED-NO-BINDING-EVIDENCE-CURRENT-SOURCE
Alpha_shapes_2	Alpha_shapes_2	Alpha Shapes and Weighted Alpha Shapes in 2D.	GPL (v3 or later)	PARTIAL	As2	CGALPY_ALPHA_SHAPE_2_BINDINGS	cmake/modules/alpha_shape_2_options.cmake	registered As2 module with maintained as2_del_epic variant; existing detached artifact requires rebuild at current HEAD	Current alpha_shape_2_bindings.cpp exposes Alpha_shape_2, Mode, Classification_type, alpha traversal, classification, edge and vertex list conversion, and find_optimal_alpha. An existing EPIC+Delaunay detached extension imports successfully.	Existing generated As2 and root stubs parse successfully, but find_optimal_alpha is annotated with the implementation-specific C++ type std::__1::__wrap_iter<double const*> instead of a usable Python Alpha_iterator result.	Alpha_shapes_2.json contains 11 compounds. Existing build-tree As2_docstrings.hpp and As2_docstrings.cpp were verified, and the source consumes As2_docstrings.hpp.	Maintained as2_del_epic runner entry, CMake test and manifest exist. The existing detached extension, wheel, stubs and generated docstrings were inspected, but make -q reports that the current CGALPY target requires rebuilding. No focused tracked Python example was found.	find_optimal_alpha directly returns a C++ Alpha_iterator that nanobind cannot convert, producing a runtime TypeError. Its generated stub uses std::__1::__wrap_iter<double const*> despite documentation describing Alpha_iterator. Import reports Vertex_handle and Face_handle as not registered. Dedicated alpha-shape edge and vertex iterator bindings are commented out, and periodic-traits bindings remain TODO.		VERIFIED-PARTIAL-CURRENT-SOURCE-HISTORICAL-RUNTIME
Alpha_shapes_3	Alpha_shapes_3	Alpha Shapes and Weighted Alpha Shapes in 3D.	GPL (v3 or later)	PARTIAL	As3	CGALPY_ALPHA_SHAPE_3_BINDINGS	cmake/modules/alpha_shape_3_options.cmake	registered As3 module with five maintained runner variants and matching manifests covering compact and fast Delaunay, parallel Delaunay, exact-comparison Delaunay and regular triangulation configurations. All five runner dry-runs resolve successfully to detached build directories. No matching configured As3 build, extension, wheel or module stub was located.	Current source exposes Alpha_shape_3, Classification_type, conditional Mode and Alpha_status types, multiple point-list and Tri3 constructors, make_alpha_shape, alpha and mode modifiers, classification overloads, alpha-status queries, classified cell/facet/edge/vertex extraction, alpha-value traversal and search, solid-component queries, find_optimal_alpha and find_alpha_solid. Source also contains a conditional Fixed_alpha_shape_3 path with a reduced API.	No generated As3 module stub was located because no matching configured As3 build was found. Runtime and stub parity are therefore unverified.	Alpha_shapes_3.json contains 19 compounds. Standalone build-tree As3_docstrings.hpp and As3_docstrings.cpp artifacts were verified, and the current source consumes As3_docstrings.hpp. Their integration into a compiled As3 module was not verified.	Five maintained As3 runners and manifests exist, and all five resolve successfully in dry-run mode. Five focused Python examples were found, with as3_alpha_shapes_exact_alpha.py registered in the C++/Python comparison runner. No As3 variant was configured or compiled during this inventory, and no runtime import, stub parse or example execution was verified.	filtration and filtration_with_alpha_values remain commented out. All five maintained routes use the default plain alpha-shape selection; no maintained runner selecting CGALPY_AS3_NAME=fixed was found. The fixed-alpha-shape path therefore lacks maintained variant validation. No current or historical configured As3 extension, wheel or module stub was located, so runtime behavior and variant-specific API parity remain unverified.		VERIFIED-PARTIAL-CURRENT-SOURCE-NO-RUNTIME
Alpha_wrap_2	Alpha_wrap_2	The 2D Alpha Wrapping package is a generic meshing algorithm to create valid and input-enclosing polygons.	GPL (v3 or later)	UNSUPPORTED				none	Dedicated JSON documentation input: src/libs/cgalpy/lib/docstrings/json/Alpha_wrap_2.json. The exact ownership audit found no direct include of a public header owned by this package in tracked binding sources and no dedicated configuration, test, or authoritative build manifest.	No registered Python module or standalone stub exists for this package.	Documentation or example source material exists, but it is not connected to a registered binding module. Such source material alone does not constitute an exposed Python API.	No dedicated binding configuration, CMake test, or authoritative build manifest exists for this package.	The package has documentation or example source material but no Python binding route. Its classes and functions are not exposed through a standalone module, stub, generated module documentation, or dedicated variant.		VERIFIED-UNSUPPORTED-DOC-ONLY-CURRENT-SOURCE
Alpha_wrap_3	Alpha_wrap_3	The 3D Alpha Wrapping package is a generic meshing algorithm to create valid and input-enclosing meshes.	GPL (v3 or later)	UNSUPPORTED				none	Dedicated JSON documentation input: src/libs/cgalpy/lib/docstrings/json/Alpha_wrap_3.json. The exact ownership audit found no direct include of a public header owned by this package in tracked binding sources and no dedicated configuration, test, or authoritative build manifest.	No registered Python module or standalone stub exists for this package.	Documentation or example source material exists, but it is not connected to a registered binding module. Such source material alone does not constitute an exposed Python API.	No dedicated binding configuration, CMake test, or authoritative build manifest exists for this package.	The package has documentation or example source material but no Python binding route. Its classes and functions are not exposed through a standalone module, stub, generated module documentation, or dedicated variant.		VERIFIED-UNSUPPORTED-DOC-ONLY-CURRENT-SOURCE
Apollonius_graph_2	Apollonius_graph_2	This package offers a dynamic algorithm for the construction of the Apollonius graph in 2D which is the dual of the Apollonius diagram (also known as the Additively weighted Voronoi diagram).	GPL (v3 or later)	UNSUPPORTED				none	Dedicated JSON documentation input: src/libs/cgalpy/lib/docstrings/json/Apollonius_graph_2.json. The exact ownership audit found no direct include of a public header owned by this package in tracked binding sources and no dedicated configuration, test, or authoritative build manifest.	No registered Python module or standalone stub exists for this package.	Documentation or example source material exists, but it is not connected to a registered binding module. Such source material alone does not constitute an exposed Python API.	No dedicated binding configuration, CMake test, or authoritative build manifest exists for this package.	The package has documentation or example source material but no Python binding route. Its classes and functions are not exposed through a standalone module, stub, generated module documentation, or dedicated variant.		VERIFIED-UNSUPPORTED-DOC-ONLY-CURRENT-SOURCE
Arithmetic_kernel	Arithmetic_kernel	An Arithmetic_kernel is required to provide at least the following public types: Integer, Rational, Bigfloat_interval. It is guaranteed that these types are interoperable. Currently there are: Gmp_arithmetic_kernel CORE_arithmetic_kernel LEDA_arithmetic_kernel Moreover, the package provides a class template Get_arithmetic_kernel<T>. This class provides the corresponding Arithmetic_kernel for T. Note that T may also be a non trivial type such as Sqrt_extension, Polynomial etc.	LGPL (v3 or later)	PARTIAL				Dependency or cross-package delivery through existing registered bindings; no standalone Python module is registered for this CGAL package.	Tracked binding sources directly include 1 public header(s) owned by this package from 1 binding source/header file(s). Included headers: CGAL/Get_arithmetic_kernel.h. Binding files: src/libs/cgalpy/lib/export_kernel_algebraic.cpp.	No standalone package stub exists. Python-visible symbols derived from these headers can appear only in stubs for the registered modules containing the wrapper code.	No dedicated package JSON documentation input or standalone generated Python documentation module was identified.	No dedicated package configuration, CMake test, or authoritative build manifest was identified. Coverage is indirect through registered variants compiling the listed binding files.	The package is not independently bound. Only selected headers are consumed as dependencies or cross-package implementation details; its complete public API, standalone module, independent stub, module documentation, and dedicated build route are absent.		VERIFIED-PARTIAL-DEPENDENCY-CURRENT-SOURCE
Arrangement_on_surface_2	Arrangement_on_surface_2	Representation, construction, and maintenance of planar arrangements	GPL (v3 or later)	PARTIAL	Aos2	CGALPY_ARRANGEMENT_ON_SURFACE_2_BINDINGS	cmake/modules/arrangement_on_surface_2_options.cmake	Registered Aos2 module with a verified arrangement_on_surface_2_options configuration file and active selector. Ten geometry-traits families are supported through separate compile-time variants. Curve data, consolidated curve data, counting and tracing traits, extended DCEL records, arrangement history and point-location bindings are additional compile-time choices. Fifteen representative preserved macOS arm64 builds each contain a CPython 3.12 extension, wheel, build-tree Aos2 stub, wheel-packaged Aos2 stub and generated docstrings. Seven representative extensions imported successfully, but no current-HEAD Aos2 rebuild was performed and the artifact metadata does not record a source commit.	Current source exports Arrangement_on_surface_2 and planar Arrangement_2 variants where applicable, arrangements with history, vertices, halfedges, faces, observers, overlays, arrangement I/O, insertion, removal, decomposition, zone, drawing and four point-location classes. Traits-specific exporters cover algebraic, Bezier, circle-segment, conic, geodesic-on-sphere, linear, non-caching segment, polyline-of-segments, segment and rational function traits, together with optional curve-data, consolidated curve-data, counting and tracing wrappers. Each compiled extension contains only the surface selected by its compile-time configuration.	All fifteen representative build-tree Aos2 stubs and all fifteen wheel-packaged Aos2 stubs parsed successfully with Python 3.12. Representative stubs ranged from 1808 to 2776 lines, 42 to 97 class declarations and 313 to 520 function declarations. The wheel and build-tree Aos2 stub hashes matched within each audited variant. No current-HEAD Aos2 stub generation or current stub/runtime parity comparison was performed.	The source-tree Arrangement_on_surface_2.json documentation input has a verified size of 1399685 bytes. Current Aos2 source includes Aos2_docstrings.hpp and uses cgalpy::aos2::docstrings throughout core arrangement, DCEL, point-location and traits exporters. All fifteen representative builds contain identical generated Aos2_docstrings.hpp and Aos2_docstrings.cpp artifacts with verified hashes, but no current-HEAD compiled Aos2 module was produced during this inventory.	Maintained configurations and examples cover all ten geometry-traits families and optional data, extended DCEL, history, counting, tracing and point-location combinations. Fifteen representative preserved macOS arm64 builds each contain one extension and one wheel, and all thirty audited build-tree and wheel stubs parse successfully. Seven selected extensions imported successfully under Python 3.12 with their expected conditional Aos2 attributes and no import failure; the remaining eight extensions were not import-tested. No current-HEAD build, complete example run or stub/runtime parity run was performed.	Only one of the ten geometry-traits families is selected in each compiled library, and curve data, consolidated curve data, counting, tracing, extended DCEL records, history and point location are also compile-time choices. Current source records missing Bezier constructors and curve operations; commented segment is_in_x_range and is_in_y_range methods; incomplete rational-function constructor and arithmetic-kernel exports; missing polyline Push_back_2, Push_front_2 and Construct_curve_2 operations; disabled naive and landmarks ray-shooting methods; incomplete conic kernel and curve operations; and commented extended face or vertex data methods. It also records possible Python-object lifetime or leak concerns in extended records and a TODO for counting and tracing type composition. Preserved artifact metadata does not identify its source commit, only seven representative extensions were import-tested, and current-HEAD build and parity validation remain unverified.		VERIFIED-PARTIAL-CURRENT-SOURCE-HISTORICAL-RUNTIME
BGL	BGL		LGPL (v3 or later)	PARTIAL	Bgl	CGALPY_BGL_BINDINGS	cmake/modules/bgl_options.cmake	Registered Bgl module with a verified bgl_options configuration file, active selector and generated _bgl library-name component. The direct Bgl submodule exports property tags, while graph operations are delivered through either the Pol3 or Sm backend module. Forty-three maintained configurations enable Bgl: 21 with Polyhedron_3 and 22 with Surface_mesh; none enable Bgl without one of these backends and none combine both. Twenty-six preserved macOS arm64 detached builds contain Bgl-enabled extensions, wheels, stubs and generated docstrings, but no current-HEAD Bgl rebuild was performed and their metadata does not record a source revision.	Current bgl_bindings.cpp exports nine CGAL property-tag enum types and dynamic vertex, halfedge, face and edge property-tag classes for bool, color, double, int, Point_3, set, size_t, tuple and Vector_3 values, with four additional FT tags when FT differs from double. Polyhedron-specific graph iterators, circulators, dynamic maps and traversal operations are exposed through Pol3, while Surface_mesh descriptors, property maps, graph mutation and traversal, Euler operations, validation and mesh-generator functions are exposed through Sm. Preserved EPEC Polyhedron and Surface_mesh runtimes each expose the same 58 public Bgl names; the audited EPIC Polyhedron runtime exposes 54 and omits exactly the four FT tag classes.	Three representative build-tree Bgl stubs and their three wheel-packaged copies parse successfully with Python 3.12 and match byte-for-byte within each build. The two audited EPEC stubs are identical across Polyhedron and Surface_mesh and contain 58 public names at both stub and runtime. The audited EPIC stub contains 54 public names and differs only by omission of dynamic_vertex_FT_property_t, dynamic_halfedge_FT_property_t, dynamic_face_FT_property_t and dynamic_edge_FT_property_t. All three runtime/stub public-name comparisons matched exactly. No current-HEAD Bgl stub generation or parity check was performed.	The source-tree BGL.json documentation input has a verified size of 857893 bytes. Current Bgl, Polyhedron and Surface_mesh binding sources consume Bgl_docstrings.hpp for direct property tags and backend graph operations. The three representative builds contain identical generated Bgl_docstrings.hpp and Bgl_docstrings.cpp artifacts with verified hashes. Their integration into a current-HEAD compiled Bgl module was not verified.	Forty-three maintained CMake configurations enable Bgl, split between 21 Polyhedron_3 and 22 Surface_mesh variants. Twenty-six preserved local Bgl-enabled detached builds were found: 20 Polyhedron-only and six Surface_mesh-only. Three selected extensions imported successfully in isolated Python 3.12 processes; wheel and build-tree native extensions matched by hash, expected backend modules were present, alternative backends were absent, tested property-tag constructors succeeded and Bgl runtime/stub parity was exact. No dedicated Bgl-focused Python example, current-HEAD build, complete example run or full variant runtime sweep was verified.	The direct Bgl module primarily exposes property tags; useful graph APIs depend on a separately selected Polyhedron_3 or Surface_mesh backend, and no maintained standalone-Bgl or combined-backend configuration exists. Current source leaves multiple operations commented, disabled or intentionally omitted, including collect_garbage wrappers, Face_around_face_circulator, Surface_mesh assign, property_stats and __iadd__, face, vertex and halfedge index-map accessors, expand_face_selection and the remove_edge(vertex, vertex, graph) overload. Only three representative extensions were import-tested, preserved artifact metadata does not identify its source commit, and current-HEAD build and parity validation remain unverified.		VERIFIED-PARTIAL-CURRENT-SOURCE-HISTORICAL-RUNTIME
Barycentric_coordinates_2	Barycentric_coordinates_2	Generalized Barycentric Coordinates for planar simple polygons.	GPL (v3 or later)	UNSUPPORTED				none	Dedicated JSON documentation input: src/libs/cgalpy/lib/docstrings/json/Barycentric_coordinates_2.json. The exact ownership audit found no direct include of a public header owned by this package in tracked binding sources and no dedicated configuration, test, or authoritative build manifest.	No registered Python module or standalone stub exists for this package.	Documentation or example source material exists, but it is not connected to a registered binding module. Such source material alone does not constitute an exposed Python API.	No dedicated binding configuration, CMake test, or authoritative build manifest exists for this package.	The package has documentation or example source material but no Python binding route. Its classes and functions are not exposed through a standalone module, stub, generated module documentation, or dedicated variant.		VERIFIED-UNSUPPORTED-DOC-ONLY-CURRENT-SOURCE
Barycentric_coordinates_3	Barycentric_coordinates_3	3D Generalized Barycentric Coordinates for convex simplicial polytopes.	GPL (v3 or later)	UNSUPPORTED				none	Dedicated JSON documentation input: src/libs/cgalpy/lib/docstrings/json/Barycentric_coordinates_3.json. The exact ownership audit found no direct include of a public header owned by this package in tracked binding sources and no dedicated configuration, test, or authoritative build manifest.	No registered Python module or standalone stub exists for this package.	Documentation or example source material exists, but it is not connected to a registered binding module. Such source material alone does not constitute an exposed Python API.	No dedicated binding configuration, CMake test, or authoritative build manifest exists for this package.	The package has documentation or example source material but no Python binding route. Its classes and functions are not exposed through a standalone module, stub, generated module documentation, or dedicated variant.		VERIFIED-UNSUPPORTED-DOC-ONLY-CURRENT-SOURCE
Basic_viewer	Basic_viewer	Basic viewer	GPL (v3 or later)	PARTIAL	Bvr	CGALPY_BASIC_VIEWER_BINDINGS	cmake/modules/basic_viewer_options.cmake	Registered Bvr module with a verified Basic_viewer configuration selector and three maintained manifest-backed configurations. CMake advertises aos2, aosWithHistory2 and polyhedron3 data-structure selectors. Current source provides usable type mappings only for aos2 and polyhedron3. Four complete preserved builds, comprising three Aos2 variants and one Polyhedron_3 variant, contain extensions, wheels, Bvr stubs and generated documentation. No fresh current-HEAD Bvr build was performed, and the preserved build metadata does not establish the exact cgal-python-bindings commit used.	Current source exports Graphics_scene_options_base, Graphics_scene_options and Graphics_scene, two add_to_graphics_scene overloads, draw_graphics_scene, thirteen graphics-buffer constants and scene inspection, clearing and buffer-copy operations. The extended options wrapper stores Python face-visibility and face-color callbacks and integrates with Python garbage collection through traverse and clear slots. Preserved Aos2 and Polyhedron_3 runtimes construct all three classes, expose the complete expected public surface, accept both add_to_graphics_scene overloads and retain and release Python callback references correctly in the tested empty-backend lifecycle.	Representative Aos2 and Polyhedron_3 Bvr stubs both parse successfully. Each contains three class declarations, three function declarations including the overloaded add_to_graphics_scene entries, thirteen assignments and eighteen unique public names. Both have exact top-level stub/runtime parity with no missing or extra public names. No aosWithHistory2 Bvr stub or compiled artifact was found.	Current source consumes the generated Bvr_docstrings.hpp header. Basic_viewer.json is present as the source documentation input and covers the principal graphics-scene, scene-options, add and draw interfaces. All four preserved Bvr builds contain identical generated Bvr_docstrings.hpp and Bvr_docstrings.cpp artifacts with verified hashes. Their integration into a fresh current-HEAD Bvr build was not verified.	Three maintained Bvr configurations have validated schema-version-1 manifests and are selectable through the generic detached build-variant runner. Preserved Aos2 and Polyhedron_3 representatives import without diagnostics, have exact stub/runtime parity, pass constructors, scene and buffer inspection, both add_to_graphics_scene overloads and callback retention and release checks. The focused aos2_visual_buffer_summary Python example constructs a non-empty arrangement, converts it to a graphics scene and is registered as a curated C++/Python stdout comparison pair. COLOR_FACES is deliberately excluded because it was observed to be nondeterministic. No fresh current-HEAD build, direct Qt viewer execution, rendered-image comparison or aosWithHistory2 runtime test was performed during this inventory.	CMake advertises the aosWithHistory2 selector and assigns it internal data-structure ID 1, but current source has no Ds_params specialization for that ID. Selecting it therefore cannot provide the required Ds and descriptor aliases. No maintained configuration, preserved cache, stub, extension or wheel covers this selector. The extended options wrapper implements edge-visibility and edge-color callback handlers, but colored_edge and edge_color are not exposed to Python; only colored_face and face_color are available. Current examples do not exercise callback invocation, the broken history selector or the direct Qt draw path. Preserved artifacts do not identify the exact bindings source commit, and no current-HEAD Bvr rebuild was performed.		VERIFIED-PARTIAL-CURRENT-SOURCE-HISTORICAL-RUNTIME
Boolean_set_operations_2	Boolean_set_operations_2	Boolean operations on generalized polygons in the plane	GPL (v3 or later)	PARTIAL	Bso2	CGALPY_BOOLEAN_SET_OPERATIONS_2_BINDINGS	cmake/modules/boolean_set_operations_2_options.cmake	Registered Bso2 module with a verified boolean_set_operations_2_options configuration file, active selector and eleven maintained configurations. Ten configurations explicitly enable the required Aos2 module; pol3_bso2_epec enables Bso2 without Aos2 and produces a malformed historical distribution. Four complete preserved segment-traits builds contain extensions, wheels, Aos2 and Bso2 stubs and generated docstrings. No current-HEAD Bso2 rebuild was performed, the preserved artifact metadata does not identify the bindings source commit, and no preserved Bezier, conic or circle-segment runtime artifact was found.	Current source exports complement, do_intersect, intersection, difference, join, symmetric_difference and oriented_side, with connect_holes additionally available for segment and non-caching-segment traits. It exports Gps_on_surface_base_2, General_polygon_set_on_surface_2 and General_polygon_set_2, while the caching-segment route additionally exports Polygon_set_2 and conditional draw. Traits-specific integration uses Gps_segment_traits_2 for segment routes, general Gps_traits_2 for Bezier, conic and other generalized traits, and an additional circle-segment traits exporter for circleSegment. A healthy preserved segment runtime exposes exactly thirteen public Bso2 names, successfully constructs all four Bso2 polygon-set classes, and returns a registered Aos2.Arrangement_on_surface_2 from arrangement().	The focused healthy segment build-tree Bso2 stub parses successfully, contains four class declarations and 38 overloaded function declarations, and has exact top-level runtime parity across thirteen unique public names. Its Aos2 stub also parses and supplies the dependent Gps_segment_traits_2 and arrangement types. The malformed pol3_bso2_epec Bso2 stub parses but refers to Aos2-owned Traits_2, Geometry_traits_2 and Arrangement_2 registrations that are absent at runtime. No Bezier, conic or circle-segment Bso2 stub was located.	Current Bso2 binding sources consume Bso2_docstrings.hpp. Five preserved Bso2-enabled builds contain identical generated Bso2_docstrings.hpp and Bso2_docstrings.cpp artifacts with verified hashes, including the malformed route. Their integration into a current-HEAD Bso2 rebuild was not verified.	Eleven maintained configurations enable Bso2 and cover Bezier, conic, circleSegment and segment traits. Four preserved healthy segment builds provide complete artifacts. A focused healthy EPEC import passed with exact Bso2 stub/runtime public-name parity; all representative Aos2 and Bso2 constructors succeeded, empty arrangement methods returned coherent values, and arrangement return conversion succeeded. The malformed pol3_bso2_epec route imports but exposes Bso2 without Aos2, prints three missing-registration diagnostics and omits both module names from the extension identity. No fresh current-HEAD build, non-segment runtime validation or complete example run was performed.	The maintained pol3_bso2_epec configuration omits the required Aos2 flag. CMake adds the Bso2 definition before dependency validation, changes only the ordinary Bso2 variable to OFF inside an already-entered branch, and then still appends the Bso2 module, sources, generated documentation and stubs while omitting _bso2 from the final library name. The resulting runtime exposes Bso2 without Aos2 and lacks Geometry_traits_2, Traits_2 and Arrangement_2 registrations. Bezier, conic and circleSegment have maintained source and configuration routes but no preserved runtime validation. Only segment traits have historical runtime evidence, preserved artifacts do not identify the exact bindings commit, and no current-HEAD Bso2 build was performed.		VERIFIED-PARTIAL-CURRENT-SOURCE-HISTORICAL-RUNTIME
Bounding_volumes	Bounding_volumes	Min_quadrilateral_2 ------------------- Algorithms to compute the minimum enclosing rectangle/parallelogram (arbitrary orientation) and the minimum enclosing strip of a convex point set. Min_sphere_of_spheres_d ----------------------- Algorithms for computing the smallest enclosing sphere of spheres in arbitrary dimensionMatrix_search Algorithms for searching in monotone and sorted matrices and applications: computing extremal polygons, all furthest neighbors for the vertices of a convex polygon and rectangular p-centers. Approximate_min_ellipsoid_d --------------------------- Algorithm for a (1+eps)-approximation to the minimum-volume enclosing ellipsoid of points in arbitrary dimension Min_ellipse_2 ------------- Algorithm for computing the smallest enclosing ellipse of points in the plane Min_circle_2 ------------ Algorithm for computing the smallest enclosing circle of points in the plane Min_sphere_d ------------ Algorithms for computing the smallest enclosing sphere of points in arbitrary dimension Min_annulus_d ------------- Algorithm for computing the smallest enclosing annulus of points in arbitrary dimension	GPL (v3 or later)	SOURCE-PRESENT-NOT-BUILT	Bv	CGALPY_BOUNDING_VOLUMES_BINDINGS	cmake/modules/bounding_volumes_options.cmake	registered Bv submodule; no maintained build variant	CMake registration and lib/bounding_volumes_bindings.cpp export Optimization_circle_2 and Min_circle_2.	Registered module is eligible for nanobind stub generation, but no generated Bv stub artifact was verified.	Bounding_volumes.json contains 35 compounds and source uses Bv_docstrings.hpp; no generated build-tree Bv docstring artifact was verified.	No current runner entry, CMake test, manifest, historical run script, existing build directory, or focused example found.	Only Optimization_circle_2 and Min_circle_2 are exposed from the broader documented package. Approximate ellipsoid, annulus, ellipse, sphere, sphere-of-spheres, rectangular p-center, traits, and concepts are not represented. The examples README also incorrectly classifies Bv as visual/Qt/OpenGL-oriented.		VERIFIED-SOURCE-NOT-BUILT
Box_intersection_d	Box_intersection_d	Fast intersection test between two sets of boxes.	GPL (v3 or later)	UNSUPPORTED				none	Dedicated JSON documentation input: src/libs/cgalpy/lib/docstrings/json/Box_intersection_d.json. The exact ownership audit found no direct include of a public header owned by this package in tracked binding sources and no dedicated configuration, test, or authoritative build manifest.	No registered Python module or standalone stub exists for this package.	Documentation or example source material exists, but it is not connected to a registered binding module. Such source material alone does not constitute an exposed Python API.	No dedicated binding configuration, CMake test, or authoritative build manifest exists for this package.	The package has documentation or example source material but no Python binding route. Its classes and functions are not exposed through a standalone module, stub, generated module documentation, or dedicated variant.		VERIFIED-UNSUPPORTED-DOC-ONLY-CURRENT-SOURCE
CGAL_Core	CGAL_Core	A local copy of the Core header files and Core source files	LGPL (v3 or later)	UNSUPPORTED				none	The exact ownership audit found no direct include of a public header owned by this package in tracked binding sources, no dedicated JSON documentation input, no configuration or CMake test, no authoritative build manifest, and no dedicated Python example directory.	No registered Python module or standalone stub exists for this package.	No dedicated generated-docstring input or standalone Python module documentation was identified.	No dedicated binding configuration, CMake test, build manifest, or maintained Python example was identified.	No standalone or cross-delivered Python API is evidenced for this package. Its public API, module, stub, generated documentation, and binding-library route are absent.		VERIFIED-UNSUPPORTED-NO-BINDING-EVIDENCE-CURRENT-SOURCE
CGAL_ImageIO	CGAL_ImageIO		LGPL (v3 or later)	UNSUPPORTED				none	The exact ownership audit found no direct include of a public header owned by this package in tracked binding sources, no dedicated JSON documentation input, no configuration or CMake test, no authoritative build manifest, and no dedicated Python example directory.	No registered Python module or standalone stub exists for this package.	No dedicated generated-docstring input or standalone Python module documentation was identified.	No dedicated binding configuration, CMake test, build manifest, or maintained Python example was identified.	No standalone or cross-delivered Python API is evidenced for this package. Its public API, module, stub, generated documentation, and binding-library route are absent.		VERIFIED-UNSUPPORTED-NO-BINDING-EVIDENCE-CURRENT-SOURCE
CGAL_ipelets	CGAL_ipelets		LGPL (v3 or later)	UNSUPPORTED				none	Dedicated JSON documentation input: src/libs/cgalpy/lib/docstrings/json/CGAL_ipelets.json. The exact ownership audit found no direct include of a public header owned by this package in tracked binding sources and no dedicated configuration, test, or authoritative build manifest.	No registered Python module or standalone stub exists for this package.	Documentation or example source material exists, but it is not connected to a registered binding module. Such source material alone does not constitute an exposed Python API.	No dedicated binding configuration, CMake test, or authoritative build manifest exists for this package.	The package has documentation or example source material but no Python binding route. Its classes and functions are not exposed through a standalone module, stub, generated module documentation, or dedicated variant.		VERIFIED-UNSUPPORTED-DOC-ONLY-CURRENT-SOURCE
Cartesian_kernel	Cartesian_kernel	2d and 3d Cartesian kernel files.	LGPL (v3 or later)	PARTIAL				Dependency or cross-package delivery through existing registered bindings; no standalone Python module is registered for this CGAL package.	Tracked binding sources directly include 2 public header(s) owned by this package from 8 binding source/header file(s). Included headers: CGAL/Cartesian.h; CGAL/Simple_cartesian.h. Binding files: src/libs/cgalpy/include/cgalpy/aos2/arrangement_on_surface_2_types.hpp; src/libs/cgalpy/include/cgalpy/envelope_3_config.hpp; src/libs/cgalpy/include/cgalpy/kernel_type.hpp; src/libs/cgalpy/include/cgalpy/minkowski_sum_2_types.hpp; src/libs/cgalpy/lib/aos2/export_arr_bezier_traits_2.cpp; src/libs/cgalpy/lib/aos2/export_arr_conic_traits_2.cpp; src/libs/cgalpy/lib/export_approximate_kernel.cpp; src/libs/cgalpy/lib/geometric_object_generators_bindings.cpp.	No standalone package stub exists. Python-visible symbols derived from these headers can appear only in stubs for the registered modules containing the wrapper code.	No dedicated package JSON documentation input or standalone generated Python documentation module was identified.	No dedicated package configuration, CMake test, or authoritative build manifest was identified. Coverage is indirect through registered variants compiling the listed binding files.	The package is not independently bound. Only selected headers are consumed as dependencies or cross-package implementation details; its complete public API, standalone module, independent stub, module documentation, and dedicated build route are absent.		VERIFIED-PARTIAL-DEPENDENCY-CURRENT-SOURCE
Circular_kernel_2	Circular_kernel_2		GPL (v3 or later)	PARTIAL				Dependency or cross-package delivery through existing registered bindings; no standalone Python module is registered for this CGAL package.	Tracked binding sources directly include 1 public header(s) owned by this package from 1 binding source/header file(s). Included headers: CGAL/Exact_circular_kernel_2.h. Binding files: src/libs/cgalpy/include/cgalpy/kernel_type.hpp.	No standalone package stub exists. Python-visible symbols derived from these headers can appear only in stubs for the registered modules containing the wrapper code.	A dedicated package JSON documentation input exists: src/libs/cgalpy/lib/docstrings/json/Circular_kernel_2.json. No standalone generated Python documentation module is registered for this package.	No dedicated package configuration, CMake test, or authoritative build manifest was identified. Coverage is indirect through registered variants compiling the listed binding files.	The package is not independently bound. Only selected headers are consumed as dependencies or cross-package implementation details; its complete public API, standalone module, independent stub, module documentation, and dedicated build route are absent.		VERIFIED-PARTIAL-DEPENDENCY-CURRENT-SOURCE
Circular_kernel_3	Circular_kernel_3		GPL (v3 or later)	UNSUPPORTED				none	Dedicated JSON documentation input: src/libs/cgalpy/lib/docstrings/json/Circular_kernel_3.json. The exact ownership audit found no direct include of a public header owned by this package in tracked binding sources and no dedicated configuration, test, or authoritative build manifest.	No registered Python module or standalone stub exists for this package.	Documentation or example source material exists, but it is not connected to a registered binding module. Such source material alone does not constitute an exposed Python API.	No dedicated binding configuration, CMake test, or authoritative build manifest exists for this package.	The package has documentation or example source material but no Python binding route. Its classes and functions are not exposed through a standalone module, stub, generated module documentation, or dedicated variant.		VERIFIED-UNSUPPORTED-DOC-ONLY-CURRENT-SOURCE
Circulator	Circulator	Circulator support and adaptors.	LGPL (v3 or later)	PARTIAL				Dependency or cross-package delivery through existing registered bindings; no standalone Python module is registered for this CGAL package.	Tracked binding sources directly include 1 public header(s) owned by this package from 2 binding source/header file(s). Included headers: CGAL/circulator.h. Binding files: src/libs/cgalpy/include/cgalpy/export_circulator.hpp; src/libs/cgalpy/include/cgalpy/make_iterator.hpp.	No standalone package stub exists. Python-visible symbols derived from these headers can appear only in stubs for the registered modules containing the wrapper code.	A dedicated package JSON documentation input exists: src/libs/cgalpy/lib/docstrings/json/Circulator.json. No standalone generated Python documentation module is registered for this package.	No dedicated package configuration, CMake test, or authoritative build manifest was identified. Coverage is indirect through registered variants compiling the listed binding files.	The package is not independently bound. Only selected headers are consumed as dependencies or cross-package implementation details; its complete public API, standalone module, independent stub, module documentation, and dedicated build route are absent.		VERIFIED-PARTIAL-DEPENDENCY-CURRENT-SOURCE
Classification	Classification		GPL (v3 or later) MIT/X11 (BSD like)	UNSUPPORTED				none	Dedicated JSON documentation input: src/libs/cgalpy/lib/docstrings/json/Classification.json. The exact ownership audit found no direct include of a public header owned by this package in tracked binding sources and no dedicated configuration, test, or authoritative build manifest.	No registered Python module or standalone stub exists for this package.	Documentation or example source material exists, but it is not connected to a registered binding module. Such source material alone does not constitute an exposed Python API.	No dedicated binding configuration, CMake test, or authoritative build manifest exists for this package.	The package has documentation or example source material but no Python binding route. Its classes and functions are not exposed through a standalone module, stub, generated module documentation, or dedicated variant.		VERIFIED-UNSUPPORTED-DOC-ONLY-CURRENT-SOURCE
Combinatorial_map	Combinatorial_map	Combinatorial map in d-dimension	LGPL (v3 or later)	UNSUPPORTED				none	Dedicated JSON documentation input: src/libs/cgalpy/lib/docstrings/json/Combinatorial_map.json. The exact ownership audit found no direct include of a public header owned by this package in tracked binding sources and no dedicated configuration, test, or authoritative build manifest.	No registered Python module or standalone stub exists for this package.	Documentation or example source material exists, but it is not connected to a registered binding module. Such source material alone does not constitute an exposed Python API.	No dedicated binding configuration, CMake test, or authoritative build manifest exists for this package.	The package has documentation or example source material but no Python binding route. Its classes and functions are not exposed through a standalone module, stub, generated module documentation, or dedicated variant.		VERIFIED-UNSUPPORTED-DOC-ONLY-CURRENT-SOURCE
Cone_spanners_2	Cone_spanners_2	This package provides classes for constructing four kinds of cone-based spanners (Yao graph, Theta graph, Half Yao graph and Half Theta graph) given a set of vertices on the plane.	GPL (v3 or later)	UNSUPPORTED				none	Dedicated JSON documentation input: src/libs/cgalpy/lib/docstrings/json/Cone_spanners_2.json. The exact ownership audit found no direct include of a public header owned by this package in tracked binding sources and no dedicated configuration, test, or authoritative build manifest.	No registered Python module or standalone stub exists for this package.	Documentation or example source material exists, but it is not connected to a registered binding module. Such source material alone does not constitute an exposed Python API.	No dedicated binding configuration, CMake test, or authoritative build manifest exists for this package.	The package has documentation or example source material but no Python binding route. Its classes and functions are not exposed through a standalone module, stub, generated module documentation, or dedicated variant.		VERIFIED-UNSUPPORTED-DOC-ONLY-CURRENT-SOURCE
Constrained_triangulation_3	Constrained_triangulation_3	3D constrained triangulations	GPL (v3 or later)	UNSUPPORTED				none	Dedicated JSON documentation input: src/libs/cgalpy/lib/docstrings/json/Constrained_triangulation_3.json. The exact ownership audit found no direct include of a public header owned by this package in tracked binding sources and no dedicated configuration, test, or authoritative build manifest.	No registered Python module or standalone stub exists for this package.	Documentation or example source material exists, but it is not connected to a registered binding module. Such source material alone does not constitute an exposed Python API.	No dedicated binding configuration, CMake test, or authoritative build manifest exists for this package.	The package has documentation or example source material but no Python binding route. Its classes and functions are not exposed through a standalone module, stub, generated module documentation, or dedicated variant.		VERIFIED-UNSUPPORTED-DOC-ONLY-CURRENT-SOURCE
Convex_decomposition_3	Convex_decomposition_3	Convex decomposition of bounded Nef polyhedra and approximate convex-volume decomposition of closed surface meshes.	GPL (v3 or later)	PARTIAL	Smdec	CGALPY_SURFACE_MESH_DECOMPOSITION_BINDINGS	cmake/modules/surface_mesh_decomposition_options.cmake	Registered Smdec module with three maintained current-source configurations: focused EPIC, focused EPEC and the consolidated all-nine Surface Mesh EPIC configuration. All three fresh detached macOS arm64 Release builds contain a CPython 3.12 extension, wheel, source distribution, distribution manifest, generated Smdec stub and generated Smdec docstrings. The module uses the Convex_decomposition_3 documentation package, matching upstream CGAL's deliberate Doxygen grouping.	The current Python surface exposes exactly approximate_convex_decomposition for Sm.Surface_mesh_3. The wrapper accepts a Python named-parameter dictionary covering vertex_point_map, geom_traits, maximum_number_of_voxels, maximum_depth, refitting, maximum_number_of_convex_volumes, volume_error and split_at_concavity, and returns a list of convex-volume point and triangle collections. All three fresh runtimes expose the same single public Smdec name. Empty-mesh and sphere decomposition passed under EPIC, EPEC and the aggregate configuration.	All three fresh Smdec stubs parse successfully and declare approximate_convex_decomposition with the variant-specific Surface_mesh_3 and Point_3 types and a list-of-volume return annotation. The stubs do not expose the unbound convex_decomposition_3 function. Their hashes differ only because fully qualified extension names differ between EPIC, EPEC and aggregate variants.	All three detached build trees contain byte-identical generated Smdec_docstrings.hpp and Smdec_docstrings.cpp files with 379 matching declarations and definitions and no identifier beginning with the forbidden CGAL_ prefix. Generation correctly uses Convex_decomposition_3.json. That package-wide JSON also generates documentation for convex_decomposition_3 even though the function is not wired into the Python module.	The focused EPIC, focused EPEC and all-nine EPIC manifests all configured and built successfully with target BUILD. All three fresh extensions imported and passed empty-mesh, named-parameter and sphere decomposition smokes. The maintained aggregate example passed with zero volumes for an empty mesh, one volume for sphere.off and nine volumes for knot2.off. Fresh wheel, source-distribution, stub, docstring, authorship and protected-state audits also passed.	The Nef-based CGAL::convex_decomposition_3(Nef_polyhedron_3&) API documented in the same upstream package is not exposed. Upstream approximate decomposition supports a concurrency_tag named parameter, but the Python named-parameter applicator does not expose it. The wrapper returns the generated volume list but does not separately return CGAL's size_t hull-count result. Package-wide generated documentation includes the unbound exact decomposition API, so generated docstring symbol presence must not be interpreted as runtime availability.		VERIFIED-PARTIAL-CURRENT-SOURCE-CURRENT-RUNTIME
Convex_hull_2	Convex_hull_2	2d convex hull algorithms	GPL (v3 or later)	PARTIAL	Ch2	CGALPY_CONVEX_HULL_2_BINDINGS	cmake/modules/convex_hull_2_options.cmake	Registered Ch2 module with one Boolean binding flag, one binding source, a fixed ch2 library-name component and six maintained CMake configurations. Five configurations have schema-version-1 build-variant manifests, but ch2_epic_fixed.cmake has no corresponding manifest. Two complete preserved aggregate builds, one EPEC and one EPIC, contain Ch2 extensions, wheels, identical module stubs and identical generated documentation. No focused preserved Ch2 build or fresh current-HEAD Ch2 build was performed.	Current source exports eleven module-level functions: seven convex-hull construction algorithms, two strong-convexity predicates and lower- and upper-hull generation. List-returning wrappers adapt Python lists of kernel Point_2 values to CGAL iterators and collect output points into new Python lists. The two predicates return Python bool values. The wrapper exports no classes, enums, traits objects or configurable traits parameters.	Preserved EPEC and EPIC Ch2 stubs are byte-identical, parse successfully and declare exactly eleven functions and no classes. Their top-level public function sets exactly match both preserved runtimes. List-producing functions are typed as accepting list and returning list, while the two convexity predicates return bool.	Convex_hull_2.json is present and contains documentation for all eleven bound functions, nine documented but unbound functions and the documented Convex Hull traits interfaces. Generated Ch2_docstrings.hpp and Ch2_docstrings.cpp artifacts are identical between preserved EPEC and EPIC builds. Several Python stub docstrings retain C++-oriented traits, iterator and OutputIterator descriptions, including ch_traits parameters not present in the Python signatures and OutputIterator return descriptions where Python returns list.	Preserved aggregate EPEC and EPIC extensions import from exact expected paths and expose exact stub/runtime parity. All eleven Ch2 functions pass representative geometric tests, including all construction algorithms, a valid Melkman polyline, lower and upper hull generation and both orientation predicates. Normalized EPEC and EPIC results are identical. CI contains a focused ch2_epec build and curated C++/Python comparisons for both array_convex_hull_2.py and vector_convex_hull_2.py. The EPEC aggregate extension reports identical nanobind shutdown diagnostics during import-only and full-Ch2 probes; these are not attributable specifically to Ch2. EPIC produces no such diagnostics.	Current source does not expose the documented ch_graham_andrew_scan, ch_jarvis_march, ch_e_point, ch_nswe_point, ch_n_point, ch_ns_point, ch_s_point, ch_w_point or ch_we_point functions. It also does not expose the documented ConvexHullTraits_2 concept or the Convex_hull_constructive_traits_2, Convex_hull_traits_2 and Convex_hull_traits_adapter_2 classes. Generated documentation is not fully adapted to the Python API because it describes unavailable ch_traits arguments and C++ iterator return types. The maintained ch2_epic_fixed configuration lacks a build-variant manifest. No focused preserved artifacts or fresh current-HEAD build were available.		VERIFIED-PARTIAL-CURRENT-SOURCE-HISTORICAL-RUNTIME
Convex_hull_3	Convex_hull_3	3D Convex Hull	GPL (v3 or later)	PARTIAL	Ch3	CGALPY_CONVEX_HULL_3_BINDINGS	cmake/modules/convex_hull_3_options.cmake	Registered Ch3 module with Polyhedron_3 and Surface_mesh polygonal-mesh backends and backend-specific library-name components ch3Pol3 and ch3Sm. Nine maintained CMake configurations enable Ch3 and all nine have schema-version-1 build-variant manifests. Seven complete preserved artifact sets cover the Polyhedron backend, including focused EPEC and EPIC variants. No complete preserved local SurfaceMesh Ch3 artifact was found. The current smoke workflow defines the sm_ch3_pmp_epec SurfaceMesh build and its curated comparison.	Current source exports two public names. convex_hull_3 accepts a Python list of Point_3 values and returns the selected polygonal mesh by value. Both backends expose points-only and points-plus-kernel overloads. Polyhedron additionally exposes points-plus-traits and points-plus-traits-plus-kernel overloads with keep_alive<0,2>. is_strongly_convex_3 exposes plain and kernel overloads for the selected polygonal mesh. Ch3 exports no module-owned Python classes or enums.	All seven preserved Polyhedron Ch3 stubs parse successfully, declare four convex_hull_3 overloads, two is_strongly_convex_3 overloads, two unique public names and no classes. Focused EPEC and EPIC stubs have equivalent semantic signatures and differ only in fully qualified extension paths. Other Polyhedron configurations preserve the same overload structure while annotating traits either as Ker.Kernel or Pol3.Polyhedron_traits_with_normals_3 according to the selected Polyhedron traits configuration. No preserved SurfaceMesh Ch3 stub was available.	Convex_hull_3.json is present and documents both bound names plus additional conversion, extreme-point, halfspace-intersection, hierarchy, adapter and traits APIs. Generated Ch3_docstrings.hpp and Ch3_docstrings.cpp are identical across all seven preserved Polyhedron artifacts. In generated stubs, the first overload of each public name carries documentation while subsequent overload declarations do not repeat it.	Focused preserved Polyhedron EPEC and EPIC extensions import from exact expected paths and match their stub public surfaces. All four convex_hull_3 overloads return exact Pol3.Polyhedron_3 objects, and both is_strongly_convex_3 overloads return true for every tested tetrahedral hull. Keyword-based kernel and traits dispatch passes, meshes remain usable after local traits variables are deleted and garbage collection runs, normalized EPEC and EPIC results are identical, and neither focused probe emits nanobind leak diagnostics. graph_hull_3.py is registered as the curated ch3_graph_hull_3 C++/Python comparison and the current workflow assigns it to sm_ch3_pmp_epec. No local SurfaceMesh runtime artifact was available for direct probing.	Current source does not expose the documented convex_hull_3_to_face_graph, extreme_point_3, extreme_points_3, extreme_vertex_3, halfspace_intersection_3, halfspace_intersection_interior_point_3, halfspace_intersection_with_constructions_3 or make_extreme_points_traits_adapter functions. It also does not expose documented Convex_hull_hierarchy_3, Convex_hull_traits_3, Extreme_points_traits_adapter_3, ConvexHullTraits_3 or IsStronglyConvexTraits_3 interfaces. No complete preserved local SurfaceMesh artifact or direct SurfaceMesh runtime probe exists. The single Python example covers only the simplest convex_hull_3 overload and does not exercise is_strongly_convex_3 or explicit traits/kernel overloads. Invalid CGALPY_CH3_POLYGONAL_MESH_NAME values are not explicitly rejected by the selector.		VERIFIED-PARTIAL-CURRENT-SOURCE-HISTORICAL-RUNTIME
Convex_hull_d	Convex_hull_d		GPL (v3 or later)	UNSUPPORTED				none	Dedicated JSON documentation input: src/libs/cgalpy/lib/docstrings/json/Convex_hull_d.json. The exact ownership audit found no direct include of a public header owned by this package in tracked binding sources and no dedicated configuration, test, or authoritative build manifest.	No registered Python module or standalone stub exists for this package.	Documentation or example source material exists, but it is not connected to a registered binding module. Such source material alone does not constitute an exposed Python API.	No dedicated binding configuration, CMake test, or authoritative build manifest exists for this package.	The package has documentation or example source material but no Python binding route. Its classes and functions are not exposed through a standalone module, stub, generated module documentation, or dedicated variant.		VERIFIED-UNSUPPORTED-DOC-ONLY-CURRENT-SOURCE
Distance_2	Distance_2	Squared distance computations for simple 2D objects.	LGPL (v3 or later)	UNSUPPORTED				none	The exact ownership audit found no direct include of a public header owned by this package in tracked binding sources, no dedicated JSON documentation input, no configuration or CMake test, no authoritative build manifest, and no dedicated Python example directory.	No registered Python module or standalone stub exists for this package.	No dedicated generated-docstring input or standalone Python module documentation was identified.	No dedicated binding configuration, CMake test, build manifest, or maintained Python example was identified.	No standalone or cross-delivered Python API is evidenced for this package. Its public API, module, stub, generated documentation, and binding-library route are absent.		VERIFIED-UNSUPPORTED-NO-BINDING-EVIDENCE-CURRENT-SOURCE
Distance_3	Distance_3	Squared distance computations for simple 3D objects.	LGPL (v3 or later)	UNSUPPORTED				none	The exact ownership audit found no direct include of a public header owned by this package in tracked binding sources, no dedicated JSON documentation input, no configuration or CMake test, no authoritative build manifest, and no dedicated Python example directory.	No registered Python module or standalone stub exists for this package.	No dedicated generated-docstring input or standalone Python module documentation was identified.	No dedicated binding configuration, CMake test, build manifest, or maintained Python example was identified.	No standalone or cross-delivered Python API is evidenced for this package. Its public API, module, stub, generated documentation, and binding-library route are absent.		VERIFIED-UNSUPPORTED-NO-BINDING-EVIDENCE-CURRENT-SOURCE
Envelope_2	Envelope_2		GPL (v3 or later)	PARTIAL	Env2	CGALPY_ENVELOPE_2_BINDINGS	cmake/modules/envelope_2_options.cmake	Registered Env2 module with one Boolean binding flag, one binding source and a fixed env2 library-name component. Three maintained configurations cover segment, linear and rational Aos2 geometry traits, and all three have schema-version-1 build-variant manifests. Two complete preserved EPEC builds, one segment and one linear, contain extensions, wheels, Env2 stubs and generated documentation. No preserved rational artifact or fresh current-HEAD Env2 build was found, and the preserved build metadata does not establish the exact cgal-python-bindings commit used.	Current source exports lower_envelope_2, lower_envelope_x_monotone_2, upper_envelope_2 and upper_envelope_x_monotone_2. Each accepts a Python list and returns a new Envelope_diagram_1. The module exports Vertex, Edge and Envelope_diagram_1 with constructors, point and curve access, curve counts, left and right navigation, leftmost and rightmost diagram access and Python curve iterators. Reference-returning accessors use reference_internal, and curve iterators use keep_alive<0,1>. The tested segment and linear runtimes expose exactly the expected seven public names and a shared Curve_iterator type between Vertex and Edge.	The preserved segment and linear Env2 stubs parse successfully. After normalizing their fully qualified extension names, their complete text and semantic surfaces are identical. Each declares four module-level functions and three classes with exactly seven unique public names. Vertex has two constructors and point, number_of_curves, left, right and curves methods; Edge has one constructor and is_empty, number_of_curves, curve, left, right and curves methods; Envelope_diagram_1 has a constructor, leftmost and rightmost. No rational-traits Env2 stub was found.	Envelope_2.json is present and documents all four bound package-level envelope functions together with the EnvelopeDiagramVertex, EnvelopeDiagramEdge and EnvelopeDiagram_1 interfaces. Current source consumes the generated Env2_docstrings.hpp header from the build tree. The preserved segment and linear builds contain byte-identical generated Env2_docstrings.hpp and Env2_docstrings.cpp artifacts. Their integration into a fresh current-HEAD Env2 build was not verified.	The exact preserved segment and linear extensions import in isolated Python 3.12 processes with empty stderr and no nanobind diagnostics. The maintained envelope_segments and convex_hull_2 Python examples execute successfully against their intended variants. Targeted probes exercise complete lower and upper diagram traversal, curve counts, curve and point access, edge and vertex iterators and limited detached reference survival after garbage collection. All four bound envelope functions execute for both variants, return exact Envelope_diagram_1 objects and produce normalized diagrams identical between each general and x-monotone function pair. No rational-traits runtime or fresh current-HEAD build was tested.	Current source does not expose the documented Vertex mutation methods add_curve, add_curves, clear_curves, set_left, set_right or set_point. Edge does not expose add_curve, add_curves, clear_curves, set_left or set_right. Envelope_diagram_1 does not expose new_vertex, new_edge, delete_vertex, delete_edge, set_leftmost or set_rightmost. The maintained rational-traits configuration has no preserved extension, wheel, stub or runtime validation and is absent from the current smoke-workflow matrix. The successful lifetime probes provide limited functional evidence only and do not prove that every ownership policy is necessary or universally correct. Preserved artifacts do not identify the exact bindings commit, and no fresh current-HEAD Env2 build was performed.		VERIFIED-PARTIAL-CURRENT-SOURCE-HISTORICAL-RUNTIME
Envelope_3	Envelope_3		GPL (v3 or later)	PARTIAL	Env3	CGALPY_ENVELOPE_3_BINDINGS	cmake/modules/envelope_3_options.cmake	Registered Env3 module with one Boolean binding flag, one binding source and a fixed env3 library-name component. Five maintained configurations cover plane EPEC, plane surface-data EPEC, sphere CCR, sphere EPEC and triangle surface-data EPEC, and all five have valid schema-version-1 build-variant manifests. Direct smoke-workflow coverage exists only for sphere CCR and triangle surface-data. One preserved triangle surface-data build contains an extension, wheel, Env3 stub and generated documentation. No preserved artifacts were found for the other four variants, and no fresh current-HEAD Env3 build was performed.	"Current source exports Dac_decision, Envelope_diagram_on_surface_2, Envelope_diagram_2 and lower_envelope_3, lower_envelope_xy_monotone_3, upper_envelope_3 and upper_envelope_xy_monotone_3. General functions accept Python lists of Surface_3 objects, xy-monotone functions accept lists of Xy_monotone_surface_3 objects, and all return a new Envelope_diagram_2. Plane, sphere, triangle and optional surface-data traits are exported through Aos2. The preserved triangle runtime exposes the expected Env3 API, supports diagram construction, triangle and decorated-surface construction and Python data identity round trips. The triangle exporter incorrectly tests add_attr<Seg_gt>(m, ""Arr_conic_traits_2"") before exporting segment traits, creating an unintended Arr_conic_traits_2 alias of Arr_segment_traits_2. Both diagram classes expose raw traits-pointer constructors without a nanobind lifetime policy."	The preserved root, Env3, Aos2 and Ker stubs parse successfully. Env3 declares Dac_decision, both diagram classes and all four module functions. Diagram traits-pointer constructors are typed with Aos2.Env_surface_data_traits_3. The Aos2 stub declares Arr_segment_traits_2, Env_triangle_traits_3 and Env_surface_data_traits_3. It correctly omits the unintended runtime Arr_conic_traits_2 alias, but it also omits the public runtime Xy_monotone_surface_3 aliases exposed by Env_triangle_traits_3 and Env_surface_data_traits_3. Runtime inspection shows triangle Surface_3 and Xy_monotone_surface_3 are the same type, while the decorated data Surface_3 is distinct and its Xy_monotone_surface_3 alias resolves to the base triangle surface.	Envelope_3.json is present, parses successfully, contains fourteen compounds with zero skipped compounds and documents all four bound package functions together with the relevant diagram and traits interfaces. Current source consumes the generated Env3_docstrings.hpp header from the build tree. The preserved generated header and source contain sixty-five matched declarations and definitions, use namespace cgalpy::env3::docstrings, are wired through the binding source and contain no forbidden CGAL_ docstring identifiers. The shared current generator emits extern const char* const rather than the required constexpr const char* form. The incorrect lower-envelope sentence in upper_envelope_xy_monotone_3 originates in the current tracked CGAL Envelope_3 reference-manual source and propagates through JSON and generated C++ documentation.	The exact preserved triangle surface-data extension imports in an isolated Python 3.12 process. Targeted probes verify expected module names, enum values, diagram constructors, triangle surfaces, decorated surface data and runtime alias behavior. The maintained envelope_triangles example completes with empty stderr and exercises lower and upper envelope construction, diagram faces, edges and surface labels. A separate retention audit constructs both diagram types with a Python traits object and observes zero Python-reference count increase while the diagram remains alive after deletion of the Python variable. Weak references are unsupported, so wrapper destruction was not directly observed and no diagram method was invoked after deletion. No sphere or plane preserved runtime, no complete general-versus-xy-monotone functional parity test and no fresh current-HEAD Env3 build were performed.	Only one of five maintained variants has preserved build and runtime evidence, and current direct smoke-workflow coverage covers only two variants. The plane surface-data configuration selects plane traits but its cache help text says Triangles. The example-to-CMake mapping still references an orphaned env3_tri_epec configuration for which no maintained configuration or manifest exists. The triangle traits exporter creates an unintended Arr_conic_traits_2 alias. Generated stubs omit public Xy_monotone_surface_3 aliases. Both diagram traits-pointer constructors forward a raw pointer into Arrangement_on_surface_2, which stores externally supplied geometry traits non-owningly, while the Python bindings do not keep the traits wrapper alive; historical runtime confirms zero Python-reference retention. The shared docstring generator does not use the required constexpr declaration form, and current upstream CGAL reference documentation contains an upper-envelope wording typo. Preserved artifacts do not identify the exact bindings commit, and no fresh current-HEAD Env3 or all-variant build validation was performed.		VERIFIED-PARTIAL-CURRENT-SOURCE-HISTORICAL-RUNTIME
Filtered_kernel	Filtered_kernel	Filtered kernel families.	LGPL (v3 or later)	PARTIAL				Dependency or cross-package delivery through existing registered bindings; no standalone Python module is registered for this CGAL package.	Tracked binding sources directly include 1 public header(s) owned by this package from 1 binding source/header file(s). Included headers: CGAL/Filtered_kernel.h. Binding files: src/libs/cgalpy/include/cgalpy/kernel_type.hpp.	No standalone package stub exists. Python-visible symbols derived from these headers can appear only in stubs for the registered modules containing the wrapper code.	No dedicated package JSON documentation input or standalone generated Python documentation module was identified.	No dedicated package configuration, CMake test, or authoritative build manifest was identified. Coverage is indirect through registered variants compiling the listed binding files.	The package is not independently bound. Only selected headers are consumed as dependencies or cross-package implementation details; its complete public API, standalone module, independent stub, module documentation, and dedicated build route are absent.		VERIFIED-PARTIAL-DEPENDENCY-CURRENT-SOURCE
Frechet_distance	Frechet_distance	Frechet distance on dD polylines	GPL (v3 or later)	UNSUPPORTED				none	Dedicated JSON documentation input: src/libs/cgalpy/lib/docstrings/json/Frechet_distance.json. The exact ownership audit found no direct include of a public header owned by this package in tracked binding sources and no dedicated configuration, test, or authoritative build manifest.	No registered Python module or standalone stub exists for this package.	Documentation or example source material exists, but it is not connected to a registered binding module. Such source material alone does not constitute an exposed Python API.	No dedicated binding configuration, CMake test, or authoritative build manifest exists for this package.	The package has documentation or example source material but no Python binding route. Its classes and functions are not exposed through a standalone module, stub, generated module documentation, or dedicated variant.		VERIFIED-UNSUPPORTED-DOC-ONLY-CURRENT-SOURCE
Generalized_map	Generalized_map	Generalized map in d-dimension	LGPL (v3 or later)	UNSUPPORTED				none	Dedicated JSON documentation input: src/libs/cgalpy/lib/docstrings/json/Generalized_map.json. The exact ownership audit found no direct include of a public header owned by this package in tracked binding sources and no dedicated configuration, test, or authoritative build manifest.	No registered Python module or standalone stub exists for this package.	Documentation or example source material exists, but it is not connected to a registered binding module. Such source material alone does not constitute an exposed Python API.	No dedicated binding configuration, CMake test, or authoritative build manifest exists for this package.	The package has documentation or example source material but no Python binding route. Its classes and functions are not exposed through a standalone module, stub, generated module documentation, or dedicated variant.		VERIFIED-UNSUPPORTED-DOC-ONLY-CURRENT-SOURCE
Generator	Generator	Geometric object generators: Random and synthetic point distributions, random convex sets, etc.	LGPL (v3 or later)	PARTIAL	Gog	CGALPY_GEOMETRIC_OBJECT_GENERATORS_BINDINGS	cmake/modules/geometric_object_generators_options.cmake	registered Gog module with maintained gog_epic and gog_epicd_4 runner variants and manifests. Dedicated test configurations set the correct cache variable directly, but the user-facing top-level CMake option is misspelled. No configured or compiled Gog build was found.	Current geometric_object_generators_bindings.cpp exposes Python iterator bindings for Random_points_in_disc_2 and Random_points_in_sphere_3, plus Random_points_in_cube_d when Kernel_d bindings are enabled. Two focused Python examples use Random_points_in_disc_2 and Random_points_in_cube_d.	No generated Gog module stub was found because no configured or compiled Gog build was located. Runtime-visible signatures and stub syntax therefore remain unverified.	Generator.json contains 36 compounds. Standalone build-tree Gog_docstrings.hpp and Gog_docstrings.cpp artifacts were found, and the current source consumes Gog_docstrings.hpp. No compiled Gog build was available to verify integrated docstring delivery.	Maintained gog_epic and gog_epicd_4 runner entries, CMake tests and manifests exist. Both runner dry-runs exited successfully and resolved detached configure/build commands. No matching CMake cache, extension, wheel or Gog stub was found. The two focused examples were inspected but not executed.	The top-level option is incorrectly named CGALPY_GEOMETRIC_OBJECT_GENERATORS__BINDINGS with an extra underscore and incorrectly describes 3D Envelopes, while all consumers use CGALPY_GEOMETRIC_OBJECT_GENERATORS_BINDINGS. Only three concrete generator classes are bound. Numerous documented generators, including square, circle, segment, triangle, tetrahedron, sphere, ball, cube_3 and mesh/soup generators, are not exposed. Runtime, wheel and module-stub evidence is absent.		VERIFIED-PARTIAL-CURRENT-SOURCE-NO-RUNTIME
GraphicsView	GraphicsView	The future 2D graphics package using the GraphicsView framework https://doc.qt.io/qt-5/graphicsview.html	GPL (v3 or later) UNKNOWN	UNSUPPORTED				none	Dedicated JSON documentation input: src/libs/cgalpy/lib/docstrings/json/GraphicsView.json. The exact ownership audit found no direct include of a public header owned by this package in tracked binding sources and no dedicated configuration, test, or authoritative build manifest.	No registered Python module or standalone stub exists for this package.	Documentation or example source material exists, but it is not connected to a registered binding module. Such source material alone does not constitute an exposed Python API.	No dedicated binding configuration, CMake test, or authoritative build manifest exists for this package.	The package has documentation or example source material but no Python binding route. Its classes and functions are not exposed through a standalone module, stub, generated module documentation, or dedicated variant.		VERIFIED-UNSUPPORTED-DOC-ONLY-CURRENT-SOURCE
HalfedgeDS	HalfedgeDS	Halfedge data structures, new design.	LGPL (v3 or later)	PARTIAL				Dependency or cross-package delivery through existing registered bindings; no standalone Python module is registered for this CGAL package.	Tracked binding sources directly include 4 public header(s) owned by this package from 4 binding source/header file(s). Included headers: CGAL/HalfedgeDS_face_base.h; CGAL/HalfedgeDS_halfedge_base.h; CGAL/HalfedgeDS_vertex_base.h; CGAL/Polyhedron_items_3.h. Binding files: src/libs/cgalpy/include/cgalpy/Hds_face_with_data.hpp; src/libs/cgalpy/include/cgalpy/Hds_halfedge_with_data.hpp; src/libs/cgalpy/include/cgalpy/Hds_vertex_with_data.hpp; src/libs/cgalpy/include/cgalpy/pol3/polyhedron_3_types.hpp.	No standalone package stub exists. Python-visible symbols derived from these headers can appear only in stubs for the registered modules containing the wrapper code.	A dedicated package JSON documentation input exists: src/libs/cgalpy/lib/docstrings/json/HalfedgeDS.json. No standalone generated Python documentation module is registered for this package.	No dedicated package configuration, CMake test, or authoritative build manifest was identified. Coverage is indirect through registered variants compiling the listed binding files.	The package is not independently bound. Only selected headers are consumed as dependencies or cross-package implementation details; its complete public API, standalone module, independent stub, module documentation, and dedicated build route are absent.		VERIFIED-PARTIAL-DEPENDENCY-CURRENT-SOURCE
Hash_map	Hash_map	Simple Incremental Hash Map	LGPL (v3 or later)	UNSUPPORTED				none	The exact ownership audit found no direct include of a public header owned by this package in tracked binding sources, no dedicated JSON documentation input, no configuration or CMake test, no authoritative build manifest, and no dedicated Python example directory.	No registered Python module or standalone stub exists for this package.	No dedicated generated-docstring input or standalone Python module documentation was identified.	No dedicated binding configuration, CMake test, build manifest, or maintained Python example was identified.	No standalone or cross-delivered Python API is evidenced for this package. Its public API, module, stub, generated documentation, and binding-library route are absent.		VERIFIED-UNSUPPORTED-NO-BINDING-EVIDENCE-CURRENT-SOURCE
Heat_method_3	Heat_method_3	See https://www.cs.cmu.edu/~kmcrane/Projects/HeatMethod/index.html	GPL (v3 or later)	UNSUPPORTED				none	Dedicated JSON documentation input: src/libs/cgalpy/lib/docstrings/json/Heat_method_3.json. The exact ownership audit found no direct include of a public header owned by this package in tracked binding sources and no dedicated configuration, test, or authoritative build manifest.	No registered Python module or standalone stub exists for this package.	Documentation or example source material exists, but it is not connected to a registered binding module. Such source material alone does not constitute an exposed Python API.	No dedicated binding configuration, CMake test, or authoritative build manifest exists for this package.	The package has documentation or example source material but no Python binding route. Its classes and functions are not exposed through a standalone module, stub, generated module documentation, or dedicated variant.		VERIFIED-UNSUPPORTED-DOC-ONLY-CURRENT-SOURCE
Homogeneous_kernel	Homogeneous_kernel	2D and 3D kernel with homogeneous representation	LGPL (v3 or later)	UNSUPPORTED				none	The exact ownership audit found no direct include of a public header owned by this package in tracked binding sources, no dedicated JSON documentation input, no configuration or CMake test, no authoritative build manifest, and no dedicated Python example directory.	No registered Python module or standalone stub exists for this package.	No dedicated generated-docstring input or standalone Python module documentation was identified.	No dedicated binding configuration, CMake test, build manifest, or maintained Python example was identified.	No standalone or cross-delivered Python API is evidenced for this package. Its public API, module, stub, generated documentation, and binding-library route are absent.		VERIFIED-UNSUPPORTED-NO-BINDING-EVIDENCE-CURRENT-SOURCE
Hyperbolic_triangulation_2	Hyperbolic_triangulation_2	Package 2D hyperbolic triangulation: provides Delaunay triangulations in the Poincaré disk model of the hyperbolic plane, with demos, examples, and tests.	GPL (v3 or later)	UNSUPPORTED				none	Dedicated JSON documentation input: src/libs/cgalpy/lib/docstrings/json/Hyperbolic_triangulation_2.json. The exact ownership audit found no direct include of a public header owned by this package in tracked binding sources and no dedicated configuration, test, or authoritative build manifest.	No registered Python module or standalone stub exists for this package.	Documentation or example source material exists, but it is not connected to a registered binding module. Such source material alone does not constitute an exposed Python API.	No dedicated binding configuration, CMake test, or authoritative build manifest exists for this package.	The package has documentation or example source material but no Python binding route. Its classes and functions are not exposed through a standalone module, stub, generated module documentation, or dedicated variant.		VERIFIED-UNSUPPORTED-DOC-ONLY-CURRENT-SOURCE
Inscribed_areas	Inscribed_areas		GPL (v3 or later)	UNSUPPORTED				none	Dedicated JSON documentation input: src/libs/cgalpy/lib/docstrings/json/Inscribed_areas.json. The exact ownership audit found no direct include of a public header owned by this package in tracked binding sources and no dedicated configuration, test, or authoritative build manifest.	No registered Python module or standalone stub exists for this package.	Documentation or example source material exists, but it is not connected to a registered binding module. Such source material alone does not constitute an exposed Python API.	No dedicated binding configuration, CMake test, or authoritative build manifest exists for this package.	The package has documentation or example source material but no Python binding route. Its classes and functions are not exposed through a standalone module, stub, generated module documentation, or dedicated variant.		VERIFIED-UNSUPPORTED-DOC-ONLY-CURRENT-SOURCE
Installation	Installation	Contains the installation script (with documentation) and some files that are necessary for the installation and configuration.	LGPL (v3 or later)	NOT-APPLICABLE				installation infrastructure		Not applicable: this package contains installation and configuration infrastructure rather than a registered Python API module, so no standalone Python stub is expected.			Installation and configuration infrastructure.		VERIFIED
Interpolation	Interpolation	Package Interpolation: provides interpolation functions and functions for computing natural neighbor coordinates natural_neighbor_coordinates_3 offers both Sibson and Laplace coordinates	GPL (v3 or later)	UNSUPPORTED				none	Dedicated JSON documentation input: src/libs/cgalpy/lib/docstrings/json/Interpolation.json. The exact ownership audit found no direct include of a public header owned by this package in tracked binding sources and no dedicated configuration, test, or authoritative build manifest.	No registered Python module or standalone stub exists for this package.	Documentation or example source material exists, but it is not connected to a registered binding module. Such source material alone does not constitute an exposed Python API.	No dedicated binding configuration, CMake test, or authoritative build manifest exists for this package.	The package has documentation or example source material but no Python binding route. Its classes and functions are not exposed through a standalone module, stub, generated module documentation, or dedicated variant.		VERIFIED-UNSUPPORTED-DOC-ONLY-CURRENT-SOURCE
Intersections_2	Intersections_2	Intersection routines for simple 2D objects.	LGPL (v3 or later)	UNSUPPORTED				none	The exact ownership audit found no direct include of a public header owned by this package in tracked binding sources, no dedicated JSON documentation input, no configuration or CMake test, no authoritative build manifest, and no dedicated Python example directory.	No registered Python module or standalone stub exists for this package.	No dedicated generated-docstring input or standalone Python module documentation was identified.	No dedicated binding configuration, CMake test, build manifest, or maintained Python example was identified.	No standalone or cross-delivered Python API is evidenced for this package. Its public API, module, stub, generated documentation, and binding-library route are absent.		VERIFIED-UNSUPPORTED-NO-BINDING-EVIDENCE-CURRENT-SOURCE
Intersections_3	Intersections_3	Intersections of 3D planes, lines, rays, segments and triangles.	LGPL (v3 or later)	UNSUPPORTED				none	The exact ownership audit found no direct include of a public header owned by this package in tracked binding sources, no dedicated JSON documentation input, no configuration or CMake test, no authoritative build manifest, and no dedicated Python example directory.	No registered Python module or standalone stub exists for this package.	No dedicated generated-docstring input or standalone Python module documentation was identified.	No dedicated binding configuration, CMake test, build manifest, or maintained Python example was identified.	No standalone or cross-delivered Python API is evidenced for this package. Its public API, module, stub, generated documentation, and binding-library route are absent.		VERIFIED-UNSUPPORTED-NO-BINDING-EVIDENCE-CURRENT-SOURCE
Interval_skip_list	Interval_skip_list	The interval skip list is a data structure for finding all intervals that contain a point, and for stabbing queries.	GPL (v3 or later)	UNSUPPORTED				none	Dedicated JSON documentation input: src/libs/cgalpy/lib/docstrings/json/Interval_skip_list.json. The exact ownership audit found no direct include of a public header owned by this package in tracked binding sources and no dedicated configuration, test, or authoritative build manifest.	No registered Python module or standalone stub exists for this package.	Documentation or example source material exists, but it is not connected to a registered binding module. Such source material alone does not constitute an exposed Python API.	No dedicated binding configuration, CMake test, or authoritative build manifest exists for this package.	The package has documentation or example source material but no Python binding route. Its classes and functions are not exposed through a standalone module, stub, generated module documentation, or dedicated variant.		VERIFIED-UNSUPPORTED-DOC-ONLY-CURRENT-SOURCE
Interval_support	Interval_support	provides support for interval types, that is, introduces: Interval_traits Bigfloat_interval_traits	LGPL (v3 or later)	UNSUPPORTED				none	The exact ownership audit found no direct include of a public header owned by this package in tracked binding sources, no dedicated JSON documentation input, no configuration or CMake test, no authoritative build manifest, and no dedicated Python example directory.	No registered Python module or standalone stub exists for this package.	No dedicated generated-docstring input or standalone Python module documentation was identified.	No dedicated binding configuration, CMake test, build manifest, or maintained Python example was identified.	No standalone or cross-delivered Python API is evidenced for this package. Its public API, module, stub, generated documentation, and binding-library route are absent.		VERIFIED-UNSUPPORTED-NO-BINDING-EVIDENCE-CURRENT-SOURCE
Isosurfacing_3	Isosurfacing_3	The 3D Isosurfacing package provides several isosurfacing algorithms (marching cubes, dual contouring) to generate triangle and quadrangle surface meshes from an input 3D domain and a user-defined isovalue.	GPL (v3 or later) GPL (v3 or later) AND MIT/X11 (BSD like)	UNSUPPORTED				none	Dedicated JSON documentation input: src/libs/cgalpy/lib/docstrings/json/Isosurfacing_3.json. The exact ownership audit found no direct include of a public header owned by this package in tracked binding sources and no dedicated configuration, test, or authoritative build manifest.	No registered Python module or standalone stub exists for this package.	Documentation or example source material exists, but it is not connected to a registered binding module. Such source material alone does not constitute an exposed Python API.	No dedicated binding configuration, CMake test, or authoritative build manifest exists for this package.	The package has documentation or example source material but no Python binding route. Its classes and functions are not exposed through a standalone module, stub, generated module documentation, or dedicated variant.		VERIFIED-UNSUPPORTED-DOC-ONLY-CURRENT-SOURCE
Jet_fitting_3	Jet_fitting_3	Computation of local differential quantities of a surface from a point sample. \ccPkgIllustration{Jet_fitting_3/david-dirmaxkmin-small.png}{Jet_fitting_3/david-dirmaxkmin-jpg-white-back.png}	GPL (v3 or later)	UNSUPPORTED				none	Dedicated JSON documentation input: src/libs/cgalpy/lib/docstrings/json/Jet_fitting_3.json. The exact ownership audit found no direct include of a public header owned by this package in tracked binding sources and no dedicated configuration, test, or authoritative build manifest.	No registered Python module or standalone stub exists for this package.	Documentation or example source material exists, but it is not connected to a registered binding module. Such source material alone does not constitute an exposed Python API.	No dedicated binding configuration, CMake test, or authoritative build manifest exists for this package.	The package has documentation or example source material but no Python binding route. Its classes and functions are not exposed through a standalone module, stub, generated module documentation, or dedicated variant.		VERIFIED-UNSUPPORTED-DOC-ONLY-CURRENT-SOURCE
Kernel_23	Kernel_23	2D and 3D kernel	LGPL (v3 or later)	PARTIAL	Ker	CGALPY_KERNEL_BINDINGS	cmake/modules/kernel_options.cmake	Registered Ker module selected by CGALPY_KERNEL_BINDINGS and CGALPY_KERNEL_NAME. Current source supports seven kernel selectors and optional kernel-intersection bindings. Complete preserved artifacts were verified for EPIC with intersections disabled and for a controlled EPEC pair with intersections disabled and enabled. No current-HEAD Ker build was performed, and no preserved artifacts were found for the other five selectors.	Current source registration was inspected in kernel_bindings.cpp, Kernel/export_kernel.hpp, export_approximate_kernel.cpp, and export_kernel_algebraic.cpp. The module exports 2D and 3D kernel objects, predicates, transformations, number types, scalar operations, and optional intersection functions through compile-time kernel-specific branches. Exact source inspection confirmed the two exported distace spellings, the EPIC dummy FT registration, three commented RT operations, and the remaining hash-consistency TODO.	All three selected Ker stubs parse. Wheel and build-tree stubs match byte-for-byte. Both EPEC stubs have exact top-level runtime parity. The EPIC stub has one verified top-level stub-only name, Cartesian_iterator, although runtime exposes the iterator only under Point_2, Point_3, Vector_2, and Vector_3. The EPIC stub also describes FT as class FT(float), while runtime FT is a non-constructible object-derived placeholder and actual EPIC scalar values are Python floats.	Kernel_23.json is present. Generated Ker docstring header and source artifacts were verified in all three selected builds, used the cgalpy::ker::docstrings namespace, matched across the representatives, and contained no forbidden CGAL_-prefixed generated identifiers. The evidence comes from preserved builds without source-revision metadata.	Isolated imports passed for EPIC intersection OFF and for a configuration-identical EPEC OFF/ON pair. EPEC OFF and ON had exact top-level runtime/stub parity, and enabling intersections added exactly do_intersect and intersection. EPIC point, vector, and squared-distance scalar behavior returned Python floats; EPEC returned wrapped FT values whose constructors, to_double, exact, and approx methods passed. Wheel native extensions matched their build-tree extensions. No current-HEAD or other-selector runtime validation was performed.	Public exports misspell distance as has_larger_distace_to_point and has_smaller_distace_to_point, with correctly spelled forms absent. The EPIC stub incorrectly exposes a top-level Cartesian_iterator and misrepresents the placeholder FT as a float subclass. exactCircular2 is selector-supported but omitted from the CMake cache STRINGS list. No maintained configurations were found for filteredSimpleCartesianDouble or filteredSimpleCartesianLazyGmpq. Five of seven selectors lack preserved artifacts, three RT operations are commented out, a hash-consistency TODO remains, no dedicated direct Ker example was found, and current-HEAD build validation is absent.		VERIFIED-PARTIAL-CURRENT-SOURCE-HISTORICAL-RUNTIME
Kernel_d	Kernel_d	d-dimensional Geometry Kernel	LGPL (v3 or later)	PARTIAL	Kerd	CGALPY_KERNEL_D_BINDINGS	cmake/modules/kernel_d_options.cmake	Registered Kerd module selected by CGALPY_KERNEL_D_BINDINGS and select_kernel_d. The verified kernel_d_options configuration supports epicd, epecd, cartesiandDouble and cartesiandLazyGmpq together with dynamic or static dimension tags and a numeric dimension. Sixteen maintained configurations reference Kerd. Two preserved macOS arm64 detached builds provide EPEC dynamic-dimension-2 and EPIC dynamic-dimension-2 extensions, wheels, stubs and generated docstrings, but no current-HEAD Kerd rebuild was performed and the artifact metadata does not record a source revision.	Current source exports Point_d, Segment_d, Vector_d, Kernel_d, Linear_algebraCd and nested vector and matrix types, Construct_vector_d, conditional FT support and a SFINAE-gated do_intersect registration path. Source and runtime inspection confirmed wrapper-aware source() and target() results, the active Construct_vector_d lambda and conditional EPEC number-type aliases. In the preserved EPIC runtime, direct bindings of inherited Segment_d::opposite and operator[] expose NewKernel_d base-representation return types instead of registered wrapper types, causing conversion failures.	Both selected build-tree Kerd stubs and their wheel-packaged copies parse successfully with Python 3.12 and match byte-for-byte within each build. Top-level runtime and stub name parity is exact: EPEC exposes FT, Gmpq, Gmpz, Kernel_d, Linear_algebraCd, Point_d, Segment_d and Vector_d, while EPIC exposes the five non-number-type names. The EPIC stub records opposite as a raw CGAL::Segment return and __getitem__ as std::__1::vector<double>, matching the unusable runtime signatures. No current-HEAD Kerd stub was generated.	Kernel_d.json has a verified size of 472391 bytes. Current source consumes Kerd_docstrings.hpp from five binding files. The preserved EPEC and EPIC builds contain byte-identical generated Kerd_docstrings.hpp and Kerd_docstrings.cpp artifacts, and no forbidden CGAL_-prefixed generated identifiers were found. Their integration into a current-HEAD Kerd build was not verified.	Two exact preserved extensions imported successfully in isolated Python 3.12 processes and matched their wheel native extensions by hash. EPEC dynamic-dimension-2 point, vector-factory, segment and FT behavior passed. EPIC dynamic-dimension-2 construction, source(), target() and Construct_vector_d behavior passed, while opposite() and __getitem__ reproducibly raised TypeError return-conversion failures. Neither preserved runtime exposed do_intersect. No Cartesian selector, static dimension, current-HEAD build or complete example run was runtime-validated.	EPIC Segment_d.opposite and __getitem__ are unusable because direct member bindings return unregistered NewKernel_d base representations; a source-supported lambda patch is preserved but has not been compiled. cmake/tests/ss_epekd.cmake uses the unsupported selector epekd, and cmake/tests/ss_2_cdlg.cmake sets the internal dimension-tag variable instead of the public selector variable. Preserved artifacts cover only EPEC and EPIC dynamic dimension 2; both Cartesian selectors, all static dimensions, current HEAD and the two anomalous maintained configurations lack runtime validation. do_intersect is absent from both preserved runtimes.		VERIFIED-PARTIAL-CURRENT-SOURCE-HISTORICAL-RUNTIME
Kinetic_space_partition	Kinetic_space_partition	Kinetic Shape Partition This CGAL package provides a way to partition 2D or 3D space by propagating 2D segments or 3D polygons until they intersect the predefined number of times.	GPL (v3 or later)	UNSUPPORTED				none	Dedicated JSON documentation input: src/libs/cgalpy/lib/docstrings/json/Kinetic_space_partition.json. The exact ownership audit found no direct include of a public header owned by this package in tracked binding sources and no dedicated configuration, test, or authoritative build manifest.	No registered Python module or standalone stub exists for this package.	Documentation or example source material exists, but it is not connected to a registered binding module. Such source material alone does not constitute an exposed Python API.	No dedicated binding configuration, CMake test, or authoritative build manifest exists for this package.	The package has documentation or example source material but no Python binding route. Its classes and functions are not exposed through a standalone module, stub, generated module documentation, or dedicated variant.		VERIFIED-UNSUPPORTED-DOC-ONLY-CURRENT-SOURCE
Kinetic_surface_reconstruction	Kinetic_surface_reconstruction	Empty description	GPL (v3 or later)	PARTIAL				root binding		No standalone Kinetic_surface_reconstruction module stub exists because no Python submodule is registered. The Python-visible root bindings are represented through the generated root stub; the audited root stub is syntactically invalid because of generated lambda parameter names.			No registered submodule; no dedicated generated docstring module; generated root stub contains invalid lambda parameter names; no focused tracked test identified.		VERIFIED
LEDA	LEDA	Support for LEDA allocator, namespace and some LEDA kernel functionality	LGPL (v3 or later)	UNSUPPORTED				none	The exact ownership audit found no direct include of a public header owned by this package in tracked binding sources, no dedicated JSON documentation input, no configuration or CMake test, no authoritative build manifest, and no dedicated Python example directory.	No registered Python module or standalone stub exists for this package.	No dedicated generated-docstring input or standalone Python module documentation was identified.	No dedicated binding configuration, CMake test, build manifest, or maintained Python example was identified.	No standalone or cross-delivered Python API is evidenced for this package. Its public API, module, stub, generated documentation, and binding-library route are absent.		VERIFIED-UNSUPPORTED-NO-BINDING-EVIDENCE-CURRENT-SOURCE
Lab	Lab	Application running 3D algorithms on 3D items.	GPL (v3 or later)	NOT-APPLICABLE				application		Not applicable: this package contains CGAL application content rather than a registered Python API module, so no standalone Python stub is expected.			CGAL application content, not a Python API package.		VERIFIED
Linear_cell_complex	Linear_cell_complex	Linear cell complex in d-dimension.	LGPL (v3 or later)	UNSUPPORTED				none	Dedicated JSON documentation input: src/libs/cgalpy/lib/docstrings/json/Linear_cell_complex.json. The exact ownership audit found no direct include of a public header owned by this package in tracked binding sources and no dedicated configuration, test, or authoritative build manifest.	No registered Python module or standalone stub exists for this package.	Documentation or example source material exists, but it is not connected to a registered binding module. Such source material alone does not constitute an exposed Python API.	No dedicated binding configuration, CMake test, or authoritative build manifest exists for this package.	The package has documentation or example source material but no Python binding route. Its classes and functions are not exposed through a standalone module, stub, generated module documentation, or dedicated variant.		VERIFIED-UNSUPPORTED-DOC-ONLY-CURRENT-SOURCE
Maintenance	Maintenance	the scripts used for release building, package handling and test handling.	UNSPECIFIED IN PACKAGE METADATA	NOT-APPLICABLE				maintenance infrastructure		Not applicable: this package contains repository maintenance infrastructure rather than a registered Python API module, so no standalone Python stub is expected.			Repository maintenance infrastructure.		VERIFIED
Matrix_search	Matrix_search	Algorithms for searching in monotone and sorted matrices and applications: computing extremal polygons, all furthest neighbors for the vertices of a convex polygon and rectangular p-centers.	GPL (v3 or later)	UNSUPPORTED				none	Dedicated JSON documentation input: src/libs/cgalpy/lib/docstrings/json/Matrix_search.json. The exact ownership audit found no direct include of a public header owned by this package in tracked binding sources and no dedicated configuration, test, or authoritative build manifest.	No registered Python module or standalone stub exists for this package.	Documentation or example source material exists, but it is not connected to a registered binding module. Such source material alone does not constitute an exposed Python API.	No dedicated binding configuration, CMake test, or authoritative build manifest exists for this package.	The package has documentation or example source material but no Python binding route. Its classes and functions are not exposed through a standalone module, stub, generated module documentation, or dedicated variant.		VERIFIED-UNSUPPORTED-DOC-ONLY-CURRENT-SOURCE
Mesh_2	Mesh_2	2D meshing package	GPL (v3 or later)	UNSUPPORTED				none	Dedicated JSON documentation input: src/libs/cgalpy/lib/docstrings/json/Mesh_2.json. The exact ownership audit found no direct include of a public header owned by this package in tracked binding sources and no dedicated configuration, test, or authoritative build manifest.	No registered Python module or standalone stub exists for this package.	Documentation or example source material exists, but it is not connected to a registered binding module. Such source material alone does not constitute an exposed Python API.	No dedicated binding configuration, CMake test, or authoritative build manifest exists for this package.	The package has documentation or example source material but no Python binding route. Its classes and functions are not exposed through a standalone module, stub, generated module documentation, or dedicated variant.		VERIFIED-UNSUPPORTED-DOC-ONLY-CURRENT-SOURCE
Mesh_3	Mesh_3	The Mesh_3 package is a mesh generator to build isotropic simplicial meshes of 3D domains.	GPL (v3 or later)	PARTIAL				Dependency or cross-package delivery through existing registered bindings; no standalone Python module is registered for this CGAL package.	Tracked binding sources directly include 3 public header(s) owned by this package from 4 binding source/header file(s). Included headers: CGAL/Mesh_constant_domain_field_3.h; CGAL/Mesh_facet_topology.h; CGAL/Polygon_mesh_processing/surface_Delaunay_remeshing.h. Binding files: src/libs/cgalpy/lib/export_pmp_meshing.cpp; src/libs/cgalpy/lib/kernel_bindings.cpp; src/libs/cgalpy/lib/parse_named_parameters.cpp; src/libs/cgalpy/lib/polygon_mesh_processing_bindings.cpp.	No standalone package stub exists. Python-visible symbols derived from these headers can appear only in stubs for the registered modules containing the wrapper code.	A dedicated package JSON documentation input exists: src/libs/cgalpy/lib/docstrings/json/Mesh_3.json. No standalone generated Python documentation module is registered for this package.	No dedicated package configuration, CMake test, or authoritative build manifest was identified. Coverage is indirect through registered variants compiling the listed binding files.	The package is not independently bound. Only selected headers are consumed as dependencies or cross-package implementation details; its complete public API, standalone module, independent stub, module documentation, and dedicated build route are absent.		VERIFIED-PARTIAL-DEPENDENCY-CURRENT-SOURCE
Mesher_level	Mesher_level	Files used by the Mesher_level framework Used by both Mesh_2, Surface_mesher, and Mesh_3.	LGPL (v3 or later)	UNSUPPORTED				none	The exact ownership audit found no direct include of a public header owned by this package in tracked binding sources, no dedicated JSON documentation input, no configuration or CMake test, no authoritative build manifest, and no dedicated Python example directory.	No registered Python module or standalone stub exists for this package.	No dedicated generated-docstring input or standalone Python module documentation was identified.	No dedicated binding configuration, CMake test, build manifest, or maintained Python example was identified.	No standalone or cross-delivered Python API is evidenced for this package. Its public API, module, stub, generated documentation, and binding-library route are absent.		VERIFIED-UNSUPPORTED-NO-BINDING-EVIDENCE-CURRENT-SOURCE
Minkowski_sum_2	Minkowski_sum_2		GPL (v3 or later)	PARTIAL	Ms2	CGALPY_MINKOWSKI_SUM_2_BINDINGS	cmake/modules/minkowski_sum_2.cmake	Registered Ms2 module with one Boolean binding flag, one binding source and a fixed ms2 library-name component. Three maintained configurations cover conic CCR, circle-segment EPEC and segment EPEC. All three have valid schema-version-1 build-variant manifests. The segment configuration enables Polygon_2, Polygon_partitioning, Aos2 segment traits, point location and Bso2, while the conic and circle-segment configurations disable Polygon_partitioning. One preserved segment EPEC build contains a macOS arm64 Python 3.12 extension, wheel, source archive, root and module stubs and generated documentation. No preserved build artifacts were found for the conic or circle-segment configurations, and no fresh current-HEAD Ms2 build was performed.	Current source exports minkowski_sum_2, minkowski_sum_by_full_convolution_2, minkowski_sum_by_reduced_convolution_2, approximated_offset_2, approximated_inset_2, offset_polygon_2 and inset_polygon_2, together with circle-segment and conic polygon and polygon-with-holes result classes. Current CGAL 6.3-dev activates the decomposition branch. The active source forms one-strategy and two-strategy overloads over Polygon_2 and Polygon_with_holes_2 using Polygon_nop_decomposition_2, Polygon_vertical_decomposition_2, Polygon_triangulation_decomposition_2 and Small_side_angle_bisector_decomposition_2. The three Pp2 strategies are exported only when Polygon_partitioning is enabled and are registered before Ms2 in that configuration. No Python exporter was located for Polygon_nop_decomposition_2. The source comment claiming that decomposition bindings are temporarily commented out is stale. The two-strategy SFINAE check invokes T4 with T2 but uses target<T1>::type instead of target<T2>::type; the preserved stub did not show a missing overload caused by this expression.	The historical tracked Ms2 JSON stub specification is an empty object, but it is not consumed by the current stub-generation path, which uses nanobind_add_stub(). The preserved root, Ms2 and Pp2 stubs parse successfully. The Ms2 stub contains sixty top-level function declarations across seven unique names, four result classes and fifty minkowski_sum_2 overload declarations, including forty-six decomposition overloads. The Pp2 stub exposes vertical, triangulation and small-side-angle-bisector decomposition classes. Twelve advertised decomposition signatures require at least one raw implementation-specific CGAL::Polygon_nop_decomposition_2 type, but no corresponding public Python class or construction path is exposed.	Minkowski_sum_2.json parses successfully and documents the bound sum, convolution, offset and inset functions together with the relevant decomposition classes and concepts. The preserved generated header and source contain thirty-seven matching declarations and definitions in namespace cgalpy::ms2::docstrings, use overload suffixes such as _1 and _2 and contain no forbidden CGAL_ identifier prefixes. Generated files reside in the detached build tree and the deprecated source-tree docstrings/generated directory is absent. The current shared generator emits extern const char* const declarations and definitions and contains no constexpr const char* template, contrary to the required storage form. Documentation also describes the unexported no-op decomposition class and other CGAL entities that are not part of the public Ms2 Python surface.	The exact preserved segment extension imports successfully in an isolated Miniforge Python 3.12 process with empty stderr. Runtime inspection exposes all seven Ms2 functions, all four result classes and three constructible and callable Pp2 decomposition strategy classes. No no-op decomposition attribute is visible, while runtime documentation and nanobind signature metadata advertise fifty minkowski_sum_2 signatures including raw no-op C++ argument types. The maintained sum_triangle_square example completes successfully, returns a seven-vertex result and verifies zero holes. The maintained sum_by_decomposition example completes successfully with the public small-side-angle-bisector strategy and returns an outer boundary with seventeen vertices and four holes. No two-strategy, vertical, triangulation, no-op, conic or circle-segment functional validation and no fresh current-HEAD or all-variant build validation were performed.	Only one of three maintained configurations has preserved build and runtime evidence. The exact bindings commit used for that preserved build is not recorded in authoritative metadata. The conic and circle-segment configurations disable Polygon_partitioning while the active Ms2 source still forms overloads involving Pp2 strategy types, and their build and import behavior remains unverified. Polygon_nop_decomposition_2 is not Python-exported, leaving twelve advertised decomposition overloads without a normal public argument construction path and exposing raw implementation-specific C++ types in stubs and runtime metadata. The Ms2 stub override JSON is empty. The decomposition source comment is stale, and the two-strategy SFINAE expression uses target<T1>::type while checking the T2/T4 combination. The current shared docstring generator does not use the required constexpr const char* form. The maintained runner stores a module token with pol2 and ms2 ordered differently from the preserved extension name and does not list the self-contained sum_triangle_square example. No fresh current-HEAD Ms2 build or full three-variant validation was performed.		VERIFIED-PARTIAL-CURRENT-SOURCE-HISTORICAL-RUNTIME
Minkowski_sum_3	Minkowski_sum_3	Given two finite, completely open or closed 3D Nef polyhedra, the function minkowski_sum_3 computes the Minkowski sum of the two polyhedra.	GPL (v3 or later)	UNSUPPORTED				none	Dedicated JSON documentation input: src/libs/cgalpy/lib/docstrings/json/Minkowski_sum_3.json. The exact ownership audit found no direct include of a public header owned by this package in tracked binding sources and no dedicated configuration, test, or authoritative build manifest.	No registered Python module or standalone stub exists for this package.	Documentation or example source material exists, but it is not connected to a registered binding module. Such source material alone does not constitute an exposed Python API.	No dedicated binding configuration, CMake test, or authoritative build manifest exists for this package.	The package has documentation or example source material but no Python binding route. Its classes and functions are not exposed through a standalone module, stub, generated module documentation, or dedicated variant.		VERIFIED-UNSUPPORTED-DOC-ONLY-CURRENT-SOURCE
Modifier	Modifier	Modifier_base class to access internal representations.	LGPL (v3 or later)	PARTIAL				Dependency or cross-package delivery through existing registered bindings; no standalone Python module is registered for this CGAL package.	Tracked binding sources directly include 1 public header(s) owned by this package from 2 binding source/header file(s). Included headers: CGAL/Modifier_base.h. Binding files: src/libs/cgalpy/include/cgalpy/pol3/Polyhedron_builder.hpp; src/libs/cgalpy/lib/pol3/export_polyhedron_builder.cpp.	No standalone package stub exists. Python-visible symbols derived from these headers can appear only in stubs for the registered modules containing the wrapper code.	No dedicated package JSON documentation input or standalone generated Python documentation module was identified.	No dedicated package configuration, CMake test, or authoritative build manifest was identified. Coverage is indirect through registered variants compiling the listed binding files.	The package is not independently bound. Only selected headers are consumed as dependencies or cross-package implementation details; its complete public API, standalone module, independent stub, module documentation, and dedicated build route are absent.		VERIFIED-PARTIAL-DEPENDENCY-CURRENT-SOURCE
Modular_arithmetic	Modular_arithmetic	Modular Arithmetic - modular type - modular traits - modular gcd - some needed algorithms - chiniese_remainder_traits (very experimental)	LGPL (v3 or later)	UNSUPPORTED				none	Dedicated JSON documentation input: src/libs/cgalpy/lib/docstrings/json/Modular_arithmetic.json. The exact ownership audit found no direct include of a public header owned by this package in tracked binding sources and no dedicated configuration, test, or authoritative build manifest.	No registered Python module or standalone stub exists for this package.	Documentation or example source material exists, but it is not connected to a registered binding module. Such source material alone does not constitute an exposed Python API.	No dedicated binding configuration, CMake test, or authoritative build manifest exists for this package.	The package has documentation or example source material but no Python binding route. Its classes and functions are not exposed through a standalone module, stub, generated module documentation, or dedicated variant.		VERIFIED-UNSUPPORTED-DOC-ONLY-CURRENT-SOURCE
Nef_2	Nef_2	Nef polyhedra in the plane	GPL (v3 or later)	UNSUPPORTED				none	Dedicated JSON documentation input: src/libs/cgalpy/lib/docstrings/json/Nef_2.json. The exact ownership audit found no direct include of a public header owned by this package in tracked binding sources and no dedicated configuration, test, or authoritative build manifest.	No registered Python module or standalone stub exists for this package.	Documentation or example source material exists, but it is not connected to a registered binding module. Such source material alone does not constitute an exposed Python API.	No dedicated binding configuration, CMake test, or authoritative build manifest exists for this package.	The package has documentation or example source material but no Python binding route. Its classes and functions are not exposed through a standalone module, stub, generated module documentation, or dedicated variant.		VERIFIED-UNSUPPORTED-DOC-ONLY-CURRENT-SOURCE
Nef_3	Nef_3	Nef polyhedra in 3D.	GPL (v3 or later)	PARTIAL	Nef3	CGALPY_NEF_3_BINDINGS	cmake/modules/nef_3_options.cmake	registered Nef3 module with maintained pol3_wn_ae_ch3_nef3_pmp_epec variant; existing detached artifact requires rebuild at current HEAD	Current nef_3_bindings.cpp exposes Nef_polyhedron_3, Volume, Volume_iterator, Boundary, Content, Im, volumes, convert_inner_shell_to_polyhedron, and convex_decomposition_3. An existing EPEC+Polyhedron detached extension imports successfully, default construction succeeds, and volumes returns Volume_iterator.	The existing generated Nef3 and combined-module stubs parse successfully and describe Nef_polyhedron_3, Volume, Volume_iterator, volumes, convert_inner_shell_to_polyhedron, and convex_decomposition_3.	Nef_3.json contains 16 compounds. Existing build-tree Nef3_docstrings.hpp and Nef3_docstrings.cpp were verified, and the current source consumes Nef3_docstrings.hpp.	Maintained pol3_wn_ae_ch3_nef3_pmp_epec CMake test and manifest exist. An existing extension, wheel, stubs and generated docstrings were inspected successfully, but make -q reports that the current CGALPY target requires rebuilding. No focused tracked Python example was found.	The exposed Nef_polyhedron_3 API is limited to construction, volume iteration, inner-shell conversion and convex decomposition; Volume exposes only mark(). Nef_nary_union_3 and documented topology/navigation entities including Vertex, Halfedge, Halffacet, SFace, SHalfedge, SHalfloop and related iterators are not exposed. The tracked example notes state that the API is too limited for a faithful direct CGAL example translation.		VERIFIED-PARTIAL-CURRENT-SOURCE-HISTORICAL-RUNTIME
Nef_S2	Nef_S2	Nef polyhedra in the sphere surface	GPL (v3 or later)	UNSUPPORTED				none	Dedicated JSON documentation input: src/libs/cgalpy/lib/docstrings/json/Nef_S2.json. The exact ownership audit found no direct include of a public header owned by this package in tracked binding sources and no dedicated configuration, test, or authoritative build manifest.	No registered Python module or standalone stub exists for this package.	Documentation or example source material exists, but it is not connected to a registered binding module. Such source material alone does not constitute an exposed Python API.	No dedicated binding configuration, CMake test, or authoritative build manifest exists for this package.	The package has documentation or example source material but no Python binding route. Its classes and functions are not exposed through a standalone module, stub, generated module documentation, or dedicated variant.		VERIFIED-UNSUPPORTED-DOC-ONLY-CURRENT-SOURCE
NewKernel_d	NewKernel_d	d-dimensional Geometry Kernel	LGPL (v3 or later)	PARTIAL				Dependency or cross-package delivery through existing registered bindings; no standalone Python module is registered for this CGAL package.	Tracked binding sources directly include 2 public header(s) owned by this package from 1 binding source/header file(s). Included headers: CGAL/Epeck_d.h; CGAL/Epick_d.h. Binding files: src/libs/cgalpy/include/cgalpy/kernel_d_types.hpp.	No standalone package stub exists. Python-visible symbols derived from these headers can appear only in stubs for the registered modules containing the wrapper code.	No dedicated package JSON documentation input or standalone generated Python documentation module was identified.	No dedicated package configuration, CMake test, or authoritative build manifest was identified. Coverage is indirect through registered variants compiling the listed binding files.	The package is not independently bound. Only selected headers are consumed as dependencies or cross-package implementation details; its complete public API, standalone module, independent stub, module documentation, and dedicated build route are absent.		VERIFIED-PARTIAL-DEPENDENCY-CURRENT-SOURCE
Number_types	Number_types	number type support	LGPL (v3 or later)	PARTIAL				Dependency or cross-package delivery through existing registered bindings; no standalone Python module is registered for this CGAL package.	Tracked binding sources directly include 7 public header(s) owned by this package from 4 binding source/header file(s). Included headers: CGAL/CORE_BigInt.h; CGAL/GMP/Gmpq_type.h; CGAL/GMP/Gmpz_type.h; CGAL/Gmpq.h; CGAL/Gmpz.h; CGAL/Lazy_exact_nt.h; CGAL/Sqrt_extension.h. Binding files: src/libs/cgalpy/include/cgalpy/kernel_d_types.hpp; src/libs/cgalpy/include/cgalpy/kernel_type.hpp; src/libs/cgalpy/lib/export_gmp.cpp; src/libs/cgalpy/lib/kernel_bindings.cpp.	No standalone package stub exists. Python-visible symbols derived from these headers can appear only in stubs for the registered modules containing the wrapper code.	A dedicated package JSON documentation input exists: src/libs/cgalpy/lib/docstrings/json/Number_types.json. No standalone generated Python documentation module is registered for this package.	No dedicated package configuration, CMake test, or authoritative build manifest was identified. Coverage is indirect through registered variants compiling the listed binding files.	The package is not independently bound. Only selected headers are consumed as dependencies or cross-package implementation details; its complete public API, standalone module, independent stub, module documentation, and dedicated build route are absent.		VERIFIED-PARTIAL-DEPENDENCY-CURRENT-SOURCE
Optimal_bounding_box	Optimal_bounding_box		GPL (v3 or later)	UNSUPPORTED				none	Dedicated JSON documentation input: src/libs/cgalpy/lib/docstrings/json/Optimal_bounding_box.json. The exact ownership audit found no direct include of a public header owned by this package in tracked binding sources and no dedicated configuration, test, or authoritative build manifest.	No registered Python module or standalone stub exists for this package.	Documentation or example source material exists, but it is not connected to a registered binding module. Such source material alone does not constitute an exposed Python API.	No dedicated binding configuration, CMake test, or authoritative build manifest exists for this package.	The package has documentation or example source material but no Python binding route. Its classes and functions are not exposed through a standalone module, stub, generated module documentation, or dedicated variant.		VERIFIED-UNSUPPORTED-DOC-ONLY-CURRENT-SOURCE
Optimal_transportation_reconstruction_2	Optimal_transportation_reconstruction_2	This component implements a robust method to reconstruct and simplify 2D point sets. The algorithm takes as input a set of 2D points (optionally with mass attributes) and generates as output a set of line segments and isolated points which approximate the input points.	GPL (v3 or later)	UNSUPPORTED				none	Dedicated JSON documentation input: src/libs/cgalpy/lib/docstrings/json/Optimal_transportation_reconstruction_2.json. The exact ownership audit found no direct include of a public header owned by this package in tracked binding sources and no dedicated configuration, test, or authoritative build manifest.	No registered Python module or standalone stub exists for this package.	Documentation or example source material exists, but it is not connected to a registered binding module. Such source material alone does not constitute an exposed Python API.	No dedicated binding configuration, CMake test, or authoritative build manifest exists for this package.	The package has documentation or example source material but no Python binding route. Its classes and functions are not exposed through a standalone module, stub, generated module documentation, or dedicated variant.		VERIFIED-UNSUPPORTED-DOC-ONLY-CURRENT-SOURCE
Optimisation_basic	Optimisation_basic	Basic stuff for geometric optimization	LGPL (v3 or later)	UNSUPPORTED				none	The exact ownership audit found no direct include of a public header owned by this package in tracked binding sources, no dedicated JSON documentation input, no configuration or CMake test, no authoritative build manifest, and no dedicated Python example directory.	No registered Python module or standalone stub exists for this package.	No dedicated generated-docstring input or standalone Python module documentation was identified.	No dedicated binding configuration, CMake test, build manifest, or maintained Python example was identified.	No standalone or cross-delivered Python API is evidenced for this package. Its public API, module, stub, generated documentation, and binding-library route are absent.		VERIFIED-UNSUPPORTED-NO-BINDING-EVIDENCE-CURRENT-SOURCE
Orthtree	Orthtree		GPL (v3 or later)	UNSUPPORTED				none	Dedicated JSON documentation input: src/libs/cgalpy/lib/docstrings/json/Orthtree.json. The exact ownership audit found no direct include of a public header owned by this package in tracked binding sources and no dedicated configuration, test, or authoritative build manifest.	No registered Python module or standalone stub exists for this package.	Documentation or example source material exists, but it is not connected to a registered binding module. Such source material alone does not constitute an exposed Python API.	No dedicated binding configuration, CMake test, or authoritative build manifest exists for this package.	The package has documentation or example source material but no Python binding route. Its classes and functions are not exposed through a standalone module, stub, generated module documentation, or dedicated variant.		VERIFIED-UNSUPPORTED-DOC-ONLY-CURRENT-SOURCE
PMP_Boolean_operations	PMP_Boolean_operations	This package contains functions that perform Boolean operations on triangulated surface meshes; clipping and splitting of meshes using planes, boxes, or other meshes; and slicing of meshes with planes.	GPL (v3 or later)	PARTIAL				Dependency or cross-package delivery through existing registered bindings; no standalone Python module is registered for this CGAL package.	Tracked binding sources directly include 6 public header(s) owned by this package from 6 binding source/header file(s). Included headers: CGAL/Polygon_mesh_processing/autorefinement.h; CGAL/Polygon_mesh_processing/clip.h; CGAL/Polygon_mesh_processing/corefinement.h; CGAL/Polygon_mesh_processing/internal/Corefinement/face_graph_utils.h; CGAL/Polygon_mesh_processing/intersection_polylines.h; CGAL/Polygon_mesh_processing/refine_mesh_at_isolevel.h. Binding files: src/libs/cgalpy/include/cgalpy/Autorefinement_visitor.hpp; src/libs/cgalpy/include/cgalpy/Corefine_visitor.hpp; src/libs/cgalpy/include/cgalpy/Default_visitor.hpp; src/libs/cgalpy/include/cgalpy/Non_manifold_output_visitor.hpp; src/libs/cgalpy/lib/export_pmp_corefinement.cpp; src/libs/cgalpy/lib/polygon_mesh_processing_bindings.cpp.	No standalone package stub exists. Python-visible symbols derived from these headers can appear only in stubs for the registered modules containing the wrapper code.	A dedicated package JSON documentation input exists: src/libs/cgalpy/lib/docstrings/json/PMP_Boolean_operations.json. No standalone generated Python documentation module is registered for this package.	No dedicated package configuration, CMake test, or authoritative build manifest was identified. Coverage is indirect through registered variants compiling the listed binding files.	The package is not independently bound. Only selected headers are consumed as dependencies or cross-package implementation details; its complete public API, standalone module, independent stub, module documentation, and dedicated build route are absent.		VERIFIED-PARTIAL-DEPENDENCY-CURRENT-SOURCE
PMP_Mesh_repair	PMP_Mesh_repair	This package contains functions that perform detection and treatment of defects in polygon meshes.	GPL (v3 or later)	PARTIAL				Dependency or cross-package delivery through existing registered bindings; no standalone Python module is registered for this CGAL package.	Tracked binding sources directly include 13 public header(s) owned by this package from 8 binding source/header file(s). Included headers: CGAL/Polygon_mesh_processing/IO/polygon_mesh_io.h; CGAL/Polygon_mesh_processing/manifoldness.h; CGAL/Polygon_mesh_processing/merge_border_vertices.h; CGAL/Polygon_mesh_processing/orient_polygon_soup.h; CGAL/Polygon_mesh_processing/orient_polygon_soup_extension.h; CGAL/Polygon_mesh_processing/orientation.h; CGAL/Polygon_mesh_processing/polygon_mesh_to_polygon_soup.h; CGAL/Polygon_mesh_processing/polygon_soup_to_polygon_mesh.h; CGAL/Polygon_mesh_processing/repair.h; CGAL/Polygon_mesh_processing/repair_degeneracies.h; CGAL/Polygon_mesh_processing/repair_polygon_soup.h; CGAL/Polygon_mesh_processing/stitch_borders.h; CGAL/Polygon_mesh_processing/triangulate_hole.h. Binding files: src/libs/cgalpy/include/cgalpy/Default_orientation_visitor.hpp; src/libs/cgalpy/include/cgalpy/HFDefault_visitor.hpp; src/libs/cgalpy/lib/export_pmp_combinatorial_repair.cpp; src/libs/cgalpy/lib/export_pmp_geometric_repair.cpp; src/libs/cgalpy/lib/export_pmp_hole_filling.cpp; src/libs/cgalpy/lib/export_pmp_io.cpp; src/libs/cgalpy/lib/export_pmp_orientation.cpp; src/libs/cgalpy/lib/surface_mesh_bindings.cpp.	No standalone package stub exists. Python-visible symbols derived from these headers can appear only in stubs for the registered modules containing the wrapper code.	A dedicated package JSON documentation input exists: src/libs/cgalpy/lib/docstrings/json/PMP_Mesh_repair.json. No standalone generated Python documentation module is registered for this package.	No dedicated package configuration, CMake test, or authoritative build manifest was identified. Coverage is indirect through registered variants compiling the listed binding files.	The package is not independently bound. Only selected headers are consumed as dependencies or cross-package implementation details; its complete public API, standalone module, independent stub, module documentation, and dedicated build route are absent.		VERIFIED-PARTIAL-DEPENDENCY-CURRENT-SOURCE
PMP_Remeshing	PMP_Remeshing	This package contains classes and functions that perform meshing and remeshing of 3D surface meshes.	GPL (v3 or later)	PARTIAL				Dependency or cross-package delivery through existing registered bindings; no standalone Python module is registered for this CGAL package.	Tracked binding sources directly include 12 public header(s) owned by this package from 4 binding source/header file(s). Included headers: CGAL/Polygon_mesh_processing/Adaptive_sizing_field.h; CGAL/Polygon_mesh_processing/Uniform_sizing_field.h; CGAL/Polygon_mesh_processing/angle_and_area_smoothing.h; CGAL/Polygon_mesh_processing/extrude.h; CGAL/Polygon_mesh_processing/fair.h; CGAL/Polygon_mesh_processing/random_perturbation.h; CGAL/Polygon_mesh_processing/refine.h; CGAL/Polygon_mesh_processing/remesh.h; CGAL/Polygon_mesh_processing/remesh_planar_patches.h; CGAL/Polygon_mesh_processing/smooth_shape.h; CGAL/Polygon_mesh_processing/tangential_relaxation.h; CGAL/Polygon_mesh_processing/triangulate_faces.h. Binding files: src/libs/cgalpy/include/cgalpy/Adaptive_sizing_field.hpp; src/libs/cgalpy/include/cgalpy/Triangulate_faces_visitor.hpp; src/libs/cgalpy/include/cgalpy/Uniform_sizing_field.hpp; src/libs/cgalpy/lib/export_pmp_meshing.cpp.	No standalone package stub exists. Python-visible symbols derived from these headers can appear only in stubs for the registered modules containing the wrapper code.	A dedicated package JSON documentation input exists: src/libs/cgalpy/lib/docstrings/json/PMP_Remeshing.json. No standalone generated Python documentation module is registered for this package.	No dedicated package configuration, CMake test, or authoritative build manifest was identified. Coverage is indirect through registered variants compiling the listed binding files.	The package is not independently bound. Only selected headers are consumed as dependencies or cross-package implementation details; its complete public API, standalone module, independent stub, module documentation, and dedicated build route are absent.		VERIFIED-PARTIAL-DEPENDENCY-CURRENT-SOURCE
Partition_2	Partition_2	Algorithms for decomposing polygons into convex and monotone polygons are provided.	GPL (v3 or later)	PARTIAL	Pp2	CGALPY_POLYGON_PARTITIONING_BINDINGS	cmake/modules/polygon_partitioning_options.cmake	registered Pp2 module without a dedicated runner. The maintained shared ms2_seg_epec variant and manifest enable polygon partitioning, while ms2_conic_ccr and ms2_cs_epec explicitly disable it because of the Partition_traits_2 issue. One historical shared EPEC extension, wheel, Pp2 stub and generated docstrings were located. Exact-current-HEAD freshness was not established.	Current source and the historical runtime expose is_y_monotone_2, is_convex_2, Polygon_vertical_decomposition, Polygon_triangulation_decomposition and Small_side_angle_bisector_decomposition. The historical extension imports successfully and exposes exactly these five Pp2 symbols. The decomposition classes return Python lists and are used as strategies by shared Minkowski_sum_2 examples.	The historical Pp2 module stub parses successfully and contains the same two predicate functions and three decomposition classes visible at runtime. It correctly omits the commented partition algorithms and validation functions.	Partition_2.json contains 18 compounds. Integrated build-tree Pp2_docstrings.hpp and Pp2_docstrings.cpp artifacts were verified, and the current source consumes Pp2_docstrings.hpp.	The shared ms2_seg_epec runner and manifest enable Pp2. A historical shared EPEC extension and wheel import successfully, and its Pp2 stub parses. sum_by_decomposition.py exercises Small_side_angle_bisector_decomposition and sum_of_holes.py exercises Polygon_vertical_decomposition. exact_offset.py imports Pp2 but no Pp2 call was verified. No dedicated Partition_2 runner or focused example was found. Build freshness could not be queried because the located directory has no Makefile.	The principal approx_convex_partition_2, greene_approx_convex_partition_2, optimal_convex_partition_2 and y_monotone_partition_2 algorithms are commented out and absent at runtime. partition_is_valid_2, convex_partition_is_valid_2 and y_monotone_partition_is_valid_2 are also not exported. Source comments identify a Partition_traits_2 polygon-container compatibility problem requiring list/vector conversion. Two shared Minkowski Sum configurations deliberately disable Pp2. The example README incorrectly describes Pp2 as Point_set_processing_2.		VERIFIED-PARTIAL-CURRENT-SOURCE-HISTORICAL-RUNTIME
Periodic_2_triangulation_2	Periodic_2_triangulation_2	This package is the periodic version of the 2D triangulation package.	GPL (v3 or later)	PARTIAL				Dependency or cross-package delivery through existing registered bindings; no standalone Python module is registered for this CGAL package.	Tracked binding sources directly include 7 public header(s) owned by this package from 1 binding source/header file(s). Included headers: CGAL/Periodic_2_Delaunay_triangulation_2.h; CGAL/Periodic_2_Delaunay_triangulation_traits_2.h; CGAL/Periodic_2_triangulation_2.h; CGAL/Periodic_2_triangulation_face_base_2.h; CGAL/Periodic_2_triangulation_hierarchy_2.h; CGAL/Periodic_2_triangulation_traits_2.h; CGAL/Periodic_2_triangulation_vertex_base_2.h. Binding files: src/libs/cgalpy/include/cgalpy/triangulation_2_config.hpp.	No standalone package stub exists. Python-visible symbols derived from these headers can appear only in stubs for the registered modules containing the wrapper code.	A dedicated package JSON documentation input exists: src/libs/cgalpy/lib/docstrings/json/Periodic_2_triangulation_2.json. No standalone generated Python documentation module is registered for this package.	No dedicated package configuration, CMake test, or authoritative build manifest was identified. Coverage is indirect through registered variants compiling the listed binding files.	The package is not independently bound. Only selected headers are consumed as dependencies or cross-package implementation details; its complete public API, standalone module, independent stub, module documentation, and dedicated build route are absent.		VERIFIED-PARTIAL-DEPENDENCY-CURRENT-SOURCE
Periodic_3_mesh_3	Periodic_3_mesh_3	The Periodic_3_mesh_3 package is a mesh generator used to build isotropic simplicial meshes of periodic 3D domains.	GPL (v3 or later)	UNSUPPORTED				none	Dedicated JSON documentation input: src/libs/cgalpy/lib/docstrings/json/Periodic_3_mesh_3.json. The exact ownership audit found no direct include of a public header owned by this package in tracked binding sources and no dedicated configuration, test, or authoritative build manifest.	No registered Python module or standalone stub exists for this package.	Documentation or example source material exists, but it is not connected to a registered binding module. Such source material alone does not constitute an exposed Python API.	No dedicated binding configuration, CMake test, or authoritative build manifest exists for this package.	The package has documentation or example source material but no Python binding route. Its classes and functions are not exposed through a standalone module, stub, generated module documentation, or dedicated variant.		VERIFIED-UNSUPPORTED-DOC-ONLY-CURRENT-SOURCE
Periodic_3_triangulation_3	Periodic_3_triangulation_3		GPL (v3 or later)	PARTIAL				Dependency or cross-package delivery through existing registered bindings; no standalone Python module is registered for this CGAL package.	Tracked binding sources directly include 8 public header(s) owned by this package from 1 binding source/header file(s). Included headers: CGAL/Periodic_3_Delaunay_triangulation_3.h; CGAL/Periodic_3_Delaunay_triangulation_traits_3.h; CGAL/Periodic_3_regular_triangulation_3.h; CGAL/Periodic_3_regular_triangulation_traits_3.h; CGAL/Periodic_3_triangulation_3.h; CGAL/Periodic_3_triangulation_ds_cell_base_3.h; CGAL/Periodic_3_triangulation_ds_vertex_base_3.h; CGAL/Periodic_3_triangulation_traits_3.h. Binding files: src/libs/cgalpy/include/cgalpy/triangulation_3_config.hpp.	No standalone package stub exists. Python-visible symbols derived from these headers can appear only in stubs for the registered modules containing the wrapper code.	A dedicated package JSON documentation input exists: src/libs/cgalpy/lib/docstrings/json/Periodic_3_triangulation_3.json. No standalone generated Python documentation module is registered for this package.	No dedicated package configuration, CMake test, or authoritative build manifest was identified. Coverage is indirect through registered variants compiling the listed binding files.	The package is not independently bound. Only selected headers are consumed as dependencies or cross-package implementation details; its complete public API, standalone module, independent stub, module documentation, and dedicated build route are absent.		VERIFIED-PARTIAL-DEPENDENCY-CURRENT-SOURCE
Periodic_4_hyperbolic_triangulation_2	Periodic_4_hyperbolic_triangulation_2	Package 2D periodic hyperbolic triangulation: provides Delaunay triangulations of the Bolza surface, represented as periodic triangulations in the Poincaré disk model of the hyperbolic plane, with demos, examples, and tests.	GPL (v3 or later)	UNSUPPORTED				none	Dedicated JSON documentation input: src/libs/cgalpy/lib/docstrings/json/Periodic_4_hyperbolic_triangulation_2.json. The exact ownership audit found no direct include of a public header owned by this package in tracked binding sources and no dedicated configuration, test, or authoritative build manifest.	No registered Python module or standalone stub exists for this package.	Documentation or example source material exists, but it is not connected to a registered binding module. Such source material alone does not constitute an exposed Python API.	No dedicated binding configuration, CMake test, or authoritative build manifest exists for this package.	The package has documentation or example source material but no Python binding route. Its classes and functions are not exposed through a standalone module, stub, generated module documentation, or dedicated variant.		VERIFIED-UNSUPPORTED-DOC-ONLY-CURRENT-SOURCE
Point_set_2	Point_set_2	2d Point set data type - CGAL triangulation based version	GPL (v3 or later)	PARTIAL				root/Tri2 duplicate exports		No standalone Point_set_2 Python module or dedicated module stub exists. Its limited Python-visible delivery is through existing root/Tri2 exports rather than an independent Point_set_2 module.			Build route exists but only Triangulation_cw_ccw_2 and Triangulation_2 are exported; Point_set_2, nearest-neighbor, and range-search APIs are absent.		VERIFIED
Point_set_3	Point_set_3		GPL (v3 or later)	PARTIAL				root binding		No standalone Point_set_3 Python module or dedicated module stub exists. Its Python-visible root bindings are represented through the generated root stub; the audited root stub is syntactically invalid because of reserved 'from' parameters and a defaulted **np signature.			No registered submodule; generated root stub is syntactically invalid because of reserved from parameters and defaulted **np; no focused tracked test identified.		VERIFIED
Point_set_processing_3	Point_set_processing_3	Point Set Processing This CGAL component implements a set of algorithms for analysis, processing, and normal estimation and orientation of point sets.	GPL (v3 or later)	PARTIAL				Psp runtime submodule		A Psp runtime submodule exists, but Psp is absent from the generated Python stubs. Stub coverage for this runtime submodule is therefore currently missing.			Runtime API and tests exist, but Psp is absent from generated stubs and generated package docstrings; callback lifetime and ownership are blocked on Efi.	BLOCKED-ON-EFI: callback lifetime and ownership	VERIFIED
Poisson_surface_reconstruction_3	Poisson_surface_reconstruction_3	Surface Reconstruction from Point Sets This CGAL package implements an implicit surface reconstruction method: Poisson Surface Reconstruction. The input is an unorganized point set with oriented normals.	GPL (v3 or later)	UNSUPPORTED				none	Dedicated JSON documentation input: src/libs/cgalpy/lib/docstrings/json/Poisson_surface_reconstruction_3.json. The exact ownership audit found no direct include of a public header owned by this package in tracked binding sources and no dedicated configuration, test, or authoritative build manifest.	No registered Python module or standalone stub exists for this package.	Documentation or example source material exists, but it is not connected to a registered binding module. Such source material alone does not constitute an exposed Python API.	No dedicated binding configuration, CMake test, or authoritative build manifest exists for this package.	The package has documentation or example source material but no Python binding route. Its classes and functions are not exposed through a standalone module, stub, generated module documentation, or dedicated variant.		VERIFIED-UNSUPPORTED-DOC-ONLY-CURRENT-SOURCE
Polygon	Polygon	class CGAL_Polygon_2	LGPL (v3 or later)	PARTIAL	Pol2	CGALPY_POLYGON_2_BINDINGS	cmake/modules/polygon_2_options.cmake	Registered Pol2 module selected by select_polygon_2. Eleven maintained configurations enable the module: eight EPEC, two EPIC and one Cartesian Core Rational configuration. No dedicated Pol2-only maintained variant was found. Five preserved detached builds contain Pol2 stubs and complete generated and compiled artifacts. Three newer EPEC or EPIC builds contain current Pol2 implementation blobs and unchanged Pol2-specific CMake and export-module integration. The two 1c4cc024 reproduction builds are historical-only because shared polygon-with-holes sources changed afterward. No fresh current-HEAD build or full eleven-configuration rebuild was performed.	Current source exports Polygon_2, General_polygon_with_holes_2 and Polygon_with_holes_2, with Polygon_with_holes_2 derived from General_polygon_with_holes_2. Polygon_2 exposes construction, orientation and side predicates, area and bounding-box operations, vertex and edge access, mutation, iteration, comparisons and stream conversion. Eleven free algorithm families are each bound with explicit-kernel and default-kernel overloads. Polygon-with-holes bindings expose outer-boundary access, hole insertion, iteration and erasure, state queries and stream conversion. Runtime safety probes confirmed owner retention for vertex, edge and hole iterators and readability of vertex, item and outer-boundary results after owner deletion. outer_boundary_mutable modifies the owning object and add_hole works. erase_hole is bound directly to the raw Hole_const_iterator member while holes returns an iterator_state wrapper, making erase_hole unusable from the public Python API.	Five preserved Pol2 stubs parse successfully and expose identical structural surfaces: three expected classes, all eleven expected free algorithm families, conditional draw overloads and every expected class method. Corresponding root binding-library stubs import Pol2. The stubs correctly reflect Polygon_with_holes_2 inheritance and constructor overloads. holes is annotated as object rather than the nested Hole_iterator type. erase_hole leaks a platform-specific std::__1::__deque_iterator signature and rejects the public Hole_iterator at runtime. edges, vertices and holes have weak object return annotations, and the four extremal free functions also return object despite returning elements from the supplied Point_2 list.	Polygon.json is present and current source consumes generated Pol2_docstrings.hpp from detached build-tree output. Wrappers contain 54 docstring references using 43 unique identifiers; all 43 are present in inspected generated output and none has a forbidden CGAL_ prefix. Five preserved compiled build trees have identical generated Pol2 header and source hashes and use namespace cgalpy::pol2::docstrings. Runtime documentation is present for Polygon_2 and inspected free functions. Generated documentation still contains C++ iterator terminology and some C++-oriented parameter and return descriptions. The shared generator emits extern const char* const declarations and definitions rather than the preferred constexpr const char* storage form.	A representative source-equivalent EPEC extension imported successfully and passed all 41 ordinary runtime checks covering public name availability, Polygon_2 construction and copying, size, simplicity, convexity, orientation, area, bounding box, indexed and method vertex access, vertex and edge iteration, comparisons, string conversion, eleven free-function operations, empty-list validation and Polygon_with_holes_2 construction and queries. Ten isolated lifetime and mutation probes were run. Vertex, edge and hole iterators survived owner deletion; vertex, item and outer-boundary results remained readable; outer_boundary_mutable and add_hole worked. vertex_mutable returned a Point_2 reference but no setter interface was observed. erase_hole rejected the original public Hole_iterator, iter(iterator) and next(iterator). No crash occurred. EPIC runtime parity, a fresh current-HEAD build and an all-eleven-variant runtime sweep were not performed.	Confirmed deficiency: General_polygon_with_holes_2.erase_hole is publicly exposed but unusable because it expects the raw C++ Hole_const_iterator while holes returns a bound iterator_state object; no public conversion exists. The method and generated stub expose a libc++ std::__1::__deque_iterator implementation type. holes, edges and vertices use weak object return annotations, as do the four extremal free functions. Some generated documentation describes C++ iterators and C++ signatures rather than the Python-facing list and object interface. vertex_mutable has no demonstrated Python mutation operation because Point_2 exposes no setter methods. The shared docstring generator storage form differs from the preferred constexpr const char* design. Non-fatal Bso2 registration diagnostics observed during import originate from the preserved build's Bso2-enabled and Aos2-disabled configuration and are not Pol2 defects. No fresh current-HEAD build or complete maintained-variant validation was performed.		VERIFIED-PARTIAL-CURRENT-SOURCE-REPRESENTATIVE-HISTORICAL-RUNTIME
Polygon_mesh_processing	Polygon_mesh_processing	This package provides a collection of methods and classes for polygon mesh processing, ranging from basic operations on simplices such as the computation of an edge length, to complex geometry processing algorithms such as collision and intersection detection, computation of distances between meshes, and more.	GPL (v3 or later) GPL (v3 or later) AND MIT/X11 (BSD like)	PARTIAL	Pmp	CGALPY_POLYGON_MESH_PROCESSING_BINDINGS	cmake/modules/polygon_mesh_processing_options.cmake	Registered Pmp module selected by polygon_mesh_processing_options.cmake with Polyhedron_3 and Surface_mesh polygonal-mesh backends. Twenty preserved Pmp stubs collapse to seven normalized public surfaces across nine configuration hashes. The strongest preserved full-EPEC Polyhedron build enables fifteen PMP feature groups and contains a macOS arm64 CPython 3.12 extension, wheel, source archive, module stub and generated documentation. Its bindings HEAD remained stable at 84e71548119b393f5fccd523dec26e00eb28053c throughout compilation. All eighty-three repository-local bindings dependencies are byte-identical or verified mechanically relocation-equivalent to current bindings HEAD, and all 1,151 compiled CGAL dependencies are byte-identical to current CGAL HEAD. No fresh current-HEAD PMP rebuild or all-variant rebuild was performed.	Current source is split across fifteen export_pmp source units plus polygon_mesh_processing_bindings.cpp and conditionally exposes corefinement, connected components, corrected curvature, distance, feature detection, geometric measures, hole filling, intersection, location, meshing, normal computation, orientation and optional PMP I/O. The preserved full-EPEC runtime exposes exactly 189 public Pmp names comprising 176 callables and thirteen classes. Full EPIC adds six exact-kernel-gated overloads across interpolated_corrected_curvatures, isotropic_remeshing, smooth_shape and split_long_edges. Surface_mesh-only functions include detect_corners_of_regions, refine_mesh_at_isolevel and region_growing_of_planes_on_faces. The source also contains an always-true polygonal-mesh preprocessor comparison around Side_of_triangle_mesh.	The full-EPEC Pmp stub parses successfully and has exact top-level parity with its preserved runtime: 189 declared public names, 189 runtime public names, zero missing and zero extra, with identical name-closure hashes. Across preserved artifacts, twenty stubs produce seven normalized public surfaces. The full-EPEC stub contains fifty-two AST declaration records exposing implementation-specific CGAL::internal, std::__1, HalfedgeDS, In_place_list_iterator and allocator spellings in public annotations. The Polyhedral_envelope face_range constructor is one example. These are declaration records and not necessarily fifty-two distinct function names.	Polygon_mesh_processing.json and cpp_docstrings_from_json.py are byte-identical at the build-time, post-build and current bindings revisions. Generated header and source artifacts contain 353 supported identifiers with equal declaration and definition sets and payloads in namespace cgalpy::pmp::docstrings, with no forbidden CGAL_ identifier prefixes. Runtime has non-empty __doc__ values for 186 of 189 classes and callables. Polyhedral_envelope_class and Side_of_triangle_mesh_class are generated with non-empty descriptions but are not referenced by their py::class_ registrations. Named_function_parameters has no JSON occurrence or generated class identifier. The shared generator emits extern const char* const rather than the required constexpr const char* storage form.	The exact preserved full-EPEC extension passes Mach-O architecture, CPython 3.12 SOABI, external-dependency, dynamic-library and Apple dyld shared-cache checks and imports successfully in an isolated Miniforge Python 3.12 process. It registers Pmp, Pol3, Ker and Bgl, and the Pmp stub and runtime surfaces match exactly. The import and surface probes intentionally terminate with os._exit(0), so normal interpreter shutdown and destruction were not tested. No PMP algorithm, geometry construction, named-parameter application, maintained example execution, EPIC runtime parity, Surface_mesh runtime probe, fresh current-HEAD build or all-configuration validation was performed.	Confirmed deficiencies include generated class descriptions for Polyhedral_envelope and Side_of_triangle_mesh that are not wired into the runtime class registrations; Named_function_parameters lacks class documentation at the JSON, generated and wrapper levels; and fifty-two full-EPEC stub declaration records leak raw implementation-specific C++ descriptor and container types. Inspected class members expose nanobind signature text but not the available generated descriptive documentation. The shared docstring storage form differs from the required constexpr design, and the always-true polygonal-mesh preprocessor comparison is an unrelated cleanup candidate. Runtime evidence is import-and-surface-only and historical, with no normal teardown, algorithm validation, fresh current-HEAD rebuild or complete maintained-variant validation.		VERIFIED-PARTIAL-CURRENT-SOURCE-REPRESENTATIVE-HISTORICAL-RUNTIME
Polygon_repair	Polygon_repair	Package Polygon_repair provides functions to repair polygons.	GPL (v3 or later)	UNSUPPORTED				none	Dedicated JSON documentation input: src/libs/cgalpy/lib/docstrings/json/Polygon_repair.json. The exact ownership audit found no direct include of a public header owned by this package in tracked binding sources and no dedicated configuration, test, or authoritative build manifest.	No registered Python module or standalone stub exists for this package.	Documentation or example source material exists, but it is not connected to a registered binding module. Such source material alone does not constitute an exposed Python API.	No dedicated binding configuration, CMake test, or authoritative build manifest exists for this package.	The package has documentation or example source material but no Python binding route. Its classes and functions are not exposed through a standalone module, stub, generated module documentation, or dedicated variant.		VERIFIED-UNSUPPORTED-DOC-ONLY-CURRENT-SOURCE
Polygonal_surface_reconstruction	Polygonal_surface_reconstruction	PolyFit implements the hypothesis and selection based surface reconstruction method described in the following paper: Liangliang Nan and Peter Wonka. PolyFit: Polygonal Surface Reconstruction from Point Clouds. ICCV 2017	GPL (v3 or later)	UNSUPPORTED				none	Dedicated JSON documentation input: src/libs/cgalpy/lib/docstrings/json/Polygonal_surface_reconstruction.json. The exact ownership audit found no direct include of a public header owned by this package in tracked binding sources and no dedicated configuration, test, or authoritative build manifest.	No registered Python module or standalone stub exists for this package.	Documentation or example source material exists, but it is not connected to a registered binding module. Such source material alone does not constitute an exposed Python API.	No dedicated binding configuration, CMake test, or authoritative build manifest exists for this package.	The package has documentation or example source material but no Python binding route. Its classes and functions are not exposed through a standalone module, stub, generated module documentation, or dedicated variant.		VERIFIED-UNSUPPORTED-DOC-ONLY-CURRENT-SOURCE
Polyhedron	Polyhedron	Polyhedral surfaces in 3D based on HalfedgeDS.	GPL (v3 or later)	PARTIAL	Pol3	CGALPY_POLYHEDRON_3_BINDINGS	cmake/modules/polyhedron_3_options.cmake	Registered Pol3 module with kernel and withNormals geometry-traits selectors and independent vertex, halfedge and face extension flags. Twenty canonical maintained variants were identified after excluding the pol3_pmp_sms_epic alias of pol3_sms_epic. Nineteen canonical variants have preserved detached build directories; sm_ms_epic is missing. All six distinct geometry-and-extension option tuples are represented. Preserved build naming contains a compiler-path hash, not a bindings source revision, and no fresh current-HEAD Pol3 build was performed.	Current source exports Polyhedron_3, Vertex, Halfedge, Face, Halfedge_ds, Polyhedron_incremental_builder_3, Polyhedron_builder, optional Polyhedron_traits_with_normals_3, internal and dynamic property maps, mesh construction and inspection operations and BGL graph traversal functions. Kernel variants expose face plane access; withNormals variants expose face normal access. Vertex, halfedge and face extension flags independently expose Python object data and set_data methods. Static inspection confirms four lifetime-policy defect groups: two-argument BGL iterator factories retain descriptor argument 1 instead of graph argument 2; BGL circulator factories do not retain their graph; Face.halfedges_circulator does not retain its face and mesh ownership chain; and Polyhedron_incremental_builder_3 does not retain the referenced Halfedge_ds. The traits-taking Polyhedron_3 constructor copies traits by value and dynamic property maps own independent shared storage, so those two candidates are not lifetime defects.	Preserved Pol3 stubs for all six representative option tuples parse successfully. The tuple-specific surfaces correctly reflect vertex, halfedge and face data extensions and kernel plane versus withNormals normal APIs. Native Polyhedron_3 instance iterators yield the expected counts and bound Vertex, Halfedge and Face values, although their runtime wrapper classes are standalone iterator registrations rather than objects identical to the nested stub classes. Four module-level graph iterator functions are present in stubs but broken at runtime: Pol3.edges, Pol3.faces, Pol3.halfedges and Pol3.vertices each construct a standalone Face_iterator-labelled wrapper and cannot convert the underlying BGL descriptor returned by next(). Uppercase public Face_around_target, Face_around_face, Vertex_around_target and Vertex_around_face names are exposed alongside lowercase circulator functions.	Polyhedron.json is present and current source consumes generated Pol3_docstrings.hpp from detached build-tree output. Preserved generated Pol3 headers and sources are identical across inspected builds, use namespace cgalpy::pol3::docstrings and contain no forbidden CGAL_ identifier prefixes. The withNormals normal and set_normal bindings reuse Polyhedron_3_Facet_plane and Polyhedron_3_Facet_plane_1 docstrings, so generated stubs correctly type Vector_3 but incorrectly describe Plane_3 and a plane equation. No generated Facet_normal identifiers were found. The shared generator still emits extern const char* const rather than the required constexpr const char* storage form.	Six isolated preserved-wheel probes cover kernel base, each individual extension flag, withNormals base and withNormals all-extended tuples. All six import successfully, construct valid closed tetrahedra, expose the expected tuple-specific APIs and geometry types and produce no duplicate-registration or nanobind leak warnings. Extended Python objects preserve equality and identity. Independent dynamic property maps remain usable for graph-independent operations after the graph variable is deleted and do not increase its Python reference count. All four native Polyhedron_3 instance iterators produce the expected tetrahedron counts and record types. All four module-level BGL range functions fail on next() in isolated processes. Repository inspection found direct maintained-example usage of every broken module-level range family. No owner-destruction probe, fresh current-HEAD build, missing sm_ms_epic build or full twenty-variant runtime sweep was performed.	Confirmed deficiencies include wrong keep_alive argument selection on two-argument BGL iterators, absent graph retention on BGL circulators, absent face retention on Face.halfedges_circulator and absent HDS retention on Polyhedron_incremental_builder_3. Module-level edges, faces, halfedges and vertices are user-visible but unusable because their py::make_iterator wrappers expose unregistered BGL descriptor values; all four also use the literal Face_iterator registration name. Native instance iterators work but their runtime iterator-class identity does not match the nested stub class objects. withNormals normal methods carry plane-oriented documentation. Several BGL iterator function names use uppercase initial letters. Dynamic map free functions use reference_internal for independent values, which is a non-blocking return-policy cleanup candidate. One canonical variant lacks preserved artifacts, preserved builds do not establish their bindings commit and no fresh current-HEAD or all-variant validation was performed.		VERIFIED-PARTIAL-CURRENT-SOURCE-HISTORICAL-RUNTIME
Polyline_simplification_2	Polyline_simplification_2	Package Polyline_simplification_2 provides functions to simplify one or several polylines in a way that preserves the topology.	GPL (v3 or later)	UNSUPPORTED				none	Dedicated JSON documentation input: src/libs/cgalpy/lib/docstrings/json/Polyline_simplification_2.json. The exact ownership audit found no direct include of a public header owned by this package in tracked binding sources and no dedicated configuration, test, or authoritative build manifest.	No registered Python module or standalone stub exists for this package.	Documentation or example source material exists, but it is not connected to a registered binding module. Such source material alone does not constitute an exposed Python API.	No dedicated binding configuration, CMake test, or authoritative build manifest exists for this package.	The package has documentation or example source material but no Python binding route. Its classes and functions are not exposed through a standalone module, stub, generated module documentation, or dedicated variant.		VERIFIED-UNSUPPORTED-DOC-ONLY-CURRENT-SOURCE
Polynomial	Polynomial	concept Polynomial concept PolynomialTraits class Polynomial<T> (mutivariat by recursion) class Polynomial_traits<Polynomial>	LGPL (v3 or later)	PARTIAL				Dependency or cross-package delivery through existing registered bindings; no standalone Python module is registered for this CGAL package.	Tracked binding sources directly include 3 public header(s) owned by this package from 3 binding source/header file(s). Included headers: CGAL/Polynomial.h; CGAL/Polynomial_traits_d.h; CGAL/Polynomial_type_generator.h. Binding files: src/libs/cgalpy/include/cgalpy/aos2/arrangement_on_surface_2_types.hpp; src/libs/cgalpy/include/cgalpy/bind_polynomial.hpp; src/libs/cgalpy/lib/aos2/export_arr_algebraic_segment_traits_2.cpp.	No standalone package stub exists. Python-visible symbols derived from these headers can appear only in stubs for the registered modules containing the wrapper code.	A dedicated package JSON documentation input exists: src/libs/cgalpy/lib/docstrings/json/Polynomial.json. No standalone generated Python documentation module is registered for this package.	No dedicated package configuration, CMake test, or authoritative build manifest was identified. Coverage is indirect through registered variants compiling the listed binding files.	The package is not independently bound. Only selected headers are consumed as dependencies or cross-package implementation details; its complete public API, standalone module, independent stub, module documentation, and dedicated build route are absent.		VERIFIED-PARTIAL-DEPENDENCY-CURRENT-SOURCE
Polytope_distance_d	Polytope_distance_d	Algorithm for computing the (squared) distance between two convex polytopes in arbitrary dimension and algorithm to determine the width of a three dimensional point set, that is two parallel supporting planes are computed having minimum distance.	GPL (v3 or later)	UNSUPPORTED				none	Dedicated JSON documentation input: src/libs/cgalpy/lib/docstrings/json/Polytope_distance_d.json. The exact ownership audit found no direct include of a public header owned by this package in tracked binding sources and no dedicated configuration, test, or authoritative build manifest.	No registered Python module or standalone stub exists for this package.	Documentation or example source material exists, but it is not connected to a registered binding module. Such source material alone does not constitute an exposed Python API.	No dedicated binding configuration, CMake test, or authoritative build manifest exists for this package.	The package has documentation or example source material but no Python binding route. Its classes and functions are not exposed through a standalone module, stub, generated module documentation, or dedicated variant.		VERIFIED-UNSUPPORTED-DOC-ONLY-CURRENT-SOURCE
Principal_component_analysis	Principal_component_analysis	Package Principal Component Analysis - provides functions for linear fitting (in the least squares sense) of sets of 2D and 3D kernel objects. - some basic shape analysis functions : bounding_box() for point sets. centroid() for sets of 2D and 3D kernel objects. barycenter() only for sets of weighted points.	GPL (v3 or later)	UNSUPPORTED				none	Dedicated JSON documentation input: src/libs/cgalpy/lib/docstrings/json/Principal_component_analysis.json. The exact ownership audit found no direct include of a public header owned by this package in tracked binding sources and no dedicated configuration, test, or authoritative build manifest.	No registered Python module or standalone stub exists for this package.	Documentation or example source material exists, but it is not connected to a registered binding module. Such source material alone does not constitute an exposed Python API.	No dedicated binding configuration, CMake test, or authoritative build manifest exists for this package.	The package has documentation or example source material but no Python binding route. Its classes and functions are not exposed through a standalone module, stub, generated module documentation, or dedicated variant.		VERIFIED-UNSUPPORTED-DOC-ONLY-CURRENT-SOURCE
Principal_component_analysis_LGPL	Principal_component_analysis_LGPL	LGPL files of package Principal Component Analysis	LGPL (v3 or later)	UNSUPPORTED				none	The exact ownership audit found no direct include of a public header owned by this package in tracked binding sources, no dedicated JSON documentation input, no configuration or CMake test, no authoritative build manifest, and no dedicated Python example directory.	No registered Python module or standalone stub exists for this package.	No dedicated generated-docstring input or standalone Python module documentation was identified.	No dedicated binding configuration, CMake test, build manifest, or maintained Python example was identified.	No standalone or cross-delivered Python API is evidenced for this package. Its public API, module, stub, generated documentation, and binding-library route are absent.		VERIFIED-UNSUPPORTED-NO-BINDING-EVIDENCE-CURRENT-SOURCE
Profiling_tools	Profiling_tools	Timer for user and real-time. Profiling counter. Memory sizer.	LGPL (v3 or later)	PARTIAL				Dependency or cross-package delivery through existing registered bindings; no standalone Python module is registered for this CGAL package.	Tracked binding sources directly include 1 public header(s) owned by this package from 1 binding source/header file(s). Included headers: CGAL/Memory_sizer.h. Binding files: src/libs/cgalpy/lib/tools_bindings.cpp.	No standalone package stub exists. Python-visible symbols derived from these headers can appear only in stubs for the registered modules containing the wrapper code.	No dedicated package JSON documentation input or standalone generated Python documentation module was identified.	No dedicated package configuration, CMake test, or authoritative build manifest was identified. Coverage is indirect through registered variants compiling the listed binding files.	The package is not independently bound. Only selected headers are consumed as dependencies or cross-package implementation details; its complete public API, standalone module, independent stub, module documentation, and dedicated build route are absent.		VERIFIED-PARTIAL-DEPENDENCY-CURRENT-SOURCE
Property_map	Property_map	Property Map This package provides a framework for interfacing CGAL data structures with algorithms expecting Boost Property Maps.	LGPL (v3 or later)	PARTIAL				Dependency or cross-package delivery through existing registered bindings; no standalone Python module is registered for this CGAL package.	Tracked binding sources directly include 2 public header(s) owned by this package from 4 binding source/header file(s). Included headers: CGAL/Dynamic_property_map.h; CGAL/property_map.h. Binding files: src/libs/cgalpy/include/cgalpy/merge_coplanar_facets.hpp; src/libs/cgalpy/lib/point_set_processing_bindings.cpp; src/libs/cgalpy/lib/polygon_mesh_processing_bindings.cpp; src/libs/cgalpy/lib/surface_mesh_bindings.cpp.	No standalone package stub exists. Python-visible symbols derived from these headers can appear only in stubs for the registered modules containing the wrapper code.	A dedicated package JSON documentation input exists: src/libs/cgalpy/lib/docstrings/json/Property_map.json. No standalone generated Python documentation module is registered for this package.	No dedicated package configuration, CMake test, or authoritative build manifest was identified. Coverage is indirect through registered variants compiling the listed binding files.	The package is not independently bound. Only selected headers are consumed as dependencies or cross-package implementation details; its complete public API, standalone module, independent stub, module documentation, and dedicated build route are absent.		VERIFIED-PARTIAL-DEPENDENCY-CURRENT-SOURCE
QP_solver	QP_solver		GPL (v3 or later)	UNSUPPORTED				none	Dedicated JSON documentation input: src/libs/cgalpy/lib/docstrings/json/QP_solver.json. The exact ownership audit found no direct include of a public header owned by this package in tracked binding sources and no dedicated configuration, test, or authoritative build manifest.	No registered Python module or standalone stub exists for this package.	Documentation or example source material exists, but it is not connected to a registered binding module. Such source material alone does not constitute an exposed Python API.	No dedicated binding configuration, CMake test, or authoritative build manifest exists for this package.	The package has documentation or example source material but no Python binding route. Its classes and functions are not exposed through a standalone module, stub, generated module documentation, or dedicated variant.		VERIFIED-UNSUPPORTED-DOC-ONLY-CURRENT-SOURCE
Random_numbers	Random_numbers	Random numbers generator (STL compliant)	LGPL (v3 or later)	PARTIAL				Dependency or cross-package delivery through existing registered bindings; no standalone Python module is registered for this CGAL package.	Tracked binding sources directly include 1 public header(s) owned by this package from 3 binding source/header file(s). Included headers: CGAL/Random.h. Binding files: src/libs/cgalpy/lib/binding_surface_mesh_shortest_path.cpp; src/libs/cgalpy/lib/cgal_bindings.cpp; src/libs/cgalpy/lib/geometric_object_generators_bindings.cpp.	No standalone package stub exists. Python-visible symbols derived from these headers can appear only in stubs for the registered modules containing the wrapper code.	No dedicated package JSON documentation input or standalone generated Python documentation module was identified.	No dedicated package configuration, CMake test, or authoritative build manifest was identified. Coverage is indirect through registered variants compiling the listed binding files.	The package is not independently bound. Only selected headers are consumed as dependencies or cross-package implementation details; its complete public API, standalone module, independent stub, module documentation, and dedicated build route are absent.		VERIFIED-PARTIAL-DEPENDENCY-CURRENT-SOURCE
Ridges_3	Ridges_3	Approximation of ridges and umbilics on triangulated surface meshes. \ccPkgIllustration{Ridges_3/david_crest_small.png}{Ridges_3/david_crest.png}	GPL (v3 or later)	UNSUPPORTED				none	Dedicated JSON documentation input: src/libs/cgalpy/lib/docstrings/json/Ridges_3.json. The exact ownership audit found no direct include of a public header owned by this package in tracked binding sources and no dedicated configuration, test, or authoritative build manifest.	No registered Python module or standalone stub exists for this package.	Documentation or example source material exists, but it is not connected to a registered binding module. Such source material alone does not constitute an exposed Python API.	No dedicated binding configuration, CMake test, or authoritative build manifest exists for this package.	The package has documentation or example source material but no Python binding route. Its classes and functions are not exposed through a standalone module, stub, generated module documentation, or dedicated variant.		VERIFIED-UNSUPPORTED-DOC-ONLY-CURRENT-SOURCE
SMDS_3	SMDS_3	Package SMDS_3 : Simplicial Mesh Data Structures	GPL (v3 or later)	UNSUPPORTED				none	Dedicated JSON documentation input: src/libs/cgalpy/lib/docstrings/json/SMDS_3.json. The exact ownership audit found no direct include of a public header owned by this package in tracked binding sources and no dedicated configuration, test, or authoritative build manifest.	No registered Python module or standalone stub exists for this package.	Documentation or example source material exists, but it is not connected to a registered binding module. Such source material alone does not constitute an exposed Python API.	No dedicated binding configuration, CMake test, or authoritative build manifest exists for this package.	The package has documentation or example source material but no Python binding route. Its classes and functions are not exposed through a standalone module, stub, generated module documentation, or dedicated variant.		VERIFIED-UNSUPPORTED-DOC-ONLY-CURRENT-SOURCE
STL_Extension	STL_Extension	STL Extensions like an in-place list, iterator adaptors, function objects.	LGPL (v3 or later)	PARTIAL				Dependency or cross-package delivery through existing registered bindings; no standalone Python module is registered for this CGAL package.	Tracked binding sources directly include 5 public header(s) owned by this package from 12 binding source/header file(s). Included headers: CGAL/Named_function_parameters.h; CGAL/exceptions.h; CGAL/function_objects.h; CGAL/iterator.h; CGAL/tags.h. Binding files: src/libs/cgalpy/include/cgalpy/alpha_shape_2_config.hpp; src/libs/cgalpy/include/cgalpy/alpha_shape_3_config.hpp; src/libs/cgalpy/include/cgalpy/envelope_3_config.hpp; src/libs/cgalpy/include/cgalpy/merge_coplanar_facets.hpp; src/libs/cgalpy/include/cgalpy/named_parameter_applicator.hpp; src/libs/cgalpy/include/cgalpy/parse_named_parameters.hpp; src/libs/cgalpy/include/cgalpy/pmp_np_parser.hpp; src/libs/cgalpy/include/cgalpy/spatial_sorting_config.hpp; src/libs/cgalpy/include/cgalpy/visibility_2_config.hpp; src/libs/cgalpy/lib/alpha_shape_3_bindings.cpp; src/libs/cgalpy/lib/geometric_object_generators_bindings.cpp; src/libs/cgalpy/lib/polygon_mesh_processing_bindings.cpp.	No standalone package stub exists. Python-visible symbols derived from these headers can appear only in stubs for the registered modules containing the wrapper code.	A dedicated package JSON documentation input exists: src/libs/cgalpy/lib/docstrings/json/STL_Extension.json. No standalone generated Python documentation module is registered for this package.	No dedicated package configuration, CMake test, or authoritative build manifest was identified. Coverage is indirect through registered variants compiling the listed binding files.	The package is not independently bound. Only selected headers are consumed as dependencies or cross-package implementation details; its complete public API, standalone module, independent stub, module documentation, and dedicated build route are absent.		VERIFIED-PARTIAL-DEPENDENCY-CURRENT-SOURCE
Scale_space_reconstruction_3	Scale_space_reconstruction_3	Package Scale_space_reconstruction_3 : Scale-space surface reconstruction from collection of Point_3.	GPL (v3 or later)	UNSUPPORTED				none	Dedicated JSON documentation input: src/libs/cgalpy/lib/docstrings/json/Scale_space_reconstruction_3.json. The exact ownership audit found no direct include of a public header owned by this package in tracked binding sources and no dedicated configuration, test, or authoritative build manifest.	No registered Python module or standalone stub exists for this package.	Documentation or example source material exists, but it is not connected to a registered binding module. Such source material alone does not constitute an exposed Python API.	No dedicated binding configuration, CMake test, or authoritative build manifest exists for this package.	The package has documentation or example source material but no Python binding route. Its classes and functions are not exposed through a standalone module, stub, generated module documentation, or dedicated variant.		VERIFIED-UNSUPPORTED-DOC-ONLY-CURRENT-SOURCE
Scripts	Scripts	Some useful scripts for developers and users.	UNSPECIFIED IN PACKAGE METADATA	NOT-APPLICABLE				scripts infrastructure		Not applicable: this package contains repository scripts infrastructure rather than a registered Python API module, so no standalone Python stub is expected.			Repository scripts infrastructure.		VERIFIED
SearchStructures	SearchStructures	Fixed documentation bugs.	GPL (v3 or later)	UNSUPPORTED				none		No registered Python module or standalone Python stub exists for this package.			No bindings for Range_tree_d, Range_tree_k, Segment_tree_d, Segment_tree_k, their traits classes, RangeSegmentTreeTraits_k, or Sublayer.		VERIFIED
Segment_Delaunay_graph_2	Segment_Delaunay_graph_2	This package computes the Delaunay graph for a set of segments on the plane, i.e., the triangulated dual of the Voronoi diagram for the set of segments. The segments are allowed to intersect at interior points.	GPL (v3 or later)	UNSUPPORTED				none	Dedicated JSON documentation input: src/libs/cgalpy/lib/docstrings/json/Segment_Delaunay_graph_2.json. The exact ownership audit found no direct include of a public header owned by this package in tracked binding sources and no dedicated configuration, test, or authoritative build manifest.	No registered Python module or standalone stub exists for this package.	Documentation or example source material exists, but it is not connected to a registered binding module. Such source material alone does not constitute an exposed Python API.	No dedicated binding configuration, CMake test, or authoritative build manifest exists for this package.	The package has documentation or example source material but no Python binding route. Its classes and functions are not exposed through a standalone module, stub, generated module documentation, or dedicated variant.		VERIFIED-UNSUPPORTED-DOC-ONLY-CURRENT-SOURCE
Segment_Delaunay_graph_Linf_2	Segment_Delaunay_graph_Linf_2	This package computes the Delaunay graph for a set of segments on the plane under the L infinity distance, i.e., the triangulated dual of the Voronoi diagram for the set of segments, where distance is computed according to the L infinity distance. The segments are allowed to intersect at interior points.	GPL (v3 or later)	UNSUPPORTED				none	Dedicated JSON documentation input: src/libs/cgalpy/lib/docstrings/json/Segment_Delaunay_graph_Linf_2.json. The exact ownership audit found no direct include of a public header owned by this package in tracked binding sources and no dedicated configuration, test, or authoritative build manifest.	No registered Python module or standalone stub exists for this package.	Documentation or example source material exists, but it is not connected to a registered binding module. Such source material alone does not constitute an exposed Python API.	No dedicated binding configuration, CMake test, or authoritative build manifest exists for this package.	The package has documentation or example source material but no Python binding route. Its classes and functions are not exposed through a standalone module, stub, generated module documentation, or dedicated variant.		VERIFIED-UNSUPPORTED-DOC-ONLY-CURRENT-SOURCE
Set_movable_separability_2	Set_movable_separability_2	Various predicates and operations that solves movable-separability problems of sets in the plane. At this point only predicates and operations related to catings of planar objects, such as given a polygonal object, is there a mold for it from which is can be pulled out.	GPL (v3 or later)	UNSUPPORTED				none	Dedicated JSON documentation input: src/libs/cgalpy/lib/docstrings/json/Set_movable_separability_2.json. The exact ownership audit found no direct include of a public header owned by this package in tracked binding sources and no dedicated configuration, test, or authoritative build manifest.	No registered Python module or standalone stub exists for this package.	Documentation or example source material exists, but it is not connected to a registered binding module. Such source material alone does not constitute an exposed Python API.	No dedicated binding configuration, CMake test, or authoritative build manifest exists for this package.	The package has documentation or example source material but no Python binding route. Its classes and functions are not exposed through a standalone module, stub, generated module documentation, or dedicated variant.		VERIFIED-UNSUPPORTED-DOC-ONLY-CURRENT-SOURCE
Shape_detection	Shape_detection	Shape Detection This CGAL package implements the Efficient RANSAC (RANdom SAmple Consensus) approach for detecting arbitrary shapes in an unorganized point set with unoriented normals and the Region Growing approach for detecting shapes in a set of arbitrary items.	GPL (v3 or later)	PARTIAL	Sd	CGALPY_SHAPE_DETECTION_BINDINGS	cmake/modules/shape_detection_options.cmake	registered Sd module with maintained sd_epic and sd_epec runner variants, CMake tests and manifests, plus broader epic_all and epec_all routes. Historical broad EPIC and EPEC extensions, wheels, Sd stubs and generated docstrings exist, but both targets require rebuilding. No dedicated sd_epic or epecWithSqrt sd_epec build was located.	Current source exposes Efficient_RANSAC, Efficient_RANSAC_traits, input point and normal maps, Shape_base, Cone, Cylinder, Plane, Sphere, Torus, shape factory registration, K_neighbor_query_3 and Least_squares_circle_fit_region_3. The historical EPIC runtime imports successfully and exposes 12 Sd symbols. The historical broad-EPEC runtime imports successfully but exposes only traits, input maps and the two Region Growing classes.	Historical EPIC and broad-EPEC Sd module stubs parse successfully and match their differing runtime surfaces. The EPIC stub includes primitive shapes and factory methods; the broad-EPEC stub omits them. Combined root and Sm stub parse failures were observed but are not attributable to Sd.	Shape_detection.json contains 57 compounds. Identical integrated Sd_docstrings.hpp and Sd_docstrings.cpp artifacts were verified in the historical EPIC and broad-EPEC builds, and the current sources consume Sd_docstrings.hpp.	Maintained sd_epic and sd_epec runner entries, CMake tests and manifests exist. Historical epic_all and epec_all extensions, wheels, Sd stubs and docstrings were inspected successfully, but both targets require rebuilding. The broad-EPEC artifact uses epec and does not validate the dedicated epecWithSqrt sd_epec route. One focused Efficient RANSAC example exists; no focused Region Growing example was found, and examples were not executed.	Efficient_RANSAC does not expose the core detect, preprocess, shapes, number_of_unassigned_points or clear operations, preventing the normal full detection workflow. Point_to_shape_index_map, input iterator accessors and intersection_3_object are not bound. Region Growing is limited to K_neighbor_query_3 and Least_squares_circle_fit_region_3; most documented point-set, polygon-mesh and segment-set region types, sorting classes and neighbor queries are absent. The historical broad-EPEC runtime also omits primitive shape classes and factory methods.		VERIFIED-PARTIAL-CURRENT-SOURCE-HISTORICAL-RUNTIME
Shape_regularization	Shape_regularization	This CGAL package enables to regularize 2D segments, 2D contours, and 3D planes.	GPL (v3 or later)	UNSUPPORTED				none	Dedicated JSON documentation input: src/libs/cgalpy/lib/docstrings/json/Shape_regularization.json. The exact ownership audit found no direct include of a public header owned by this package in tracked binding sources and no dedicated configuration, test, or authoritative build manifest.	No registered Python module or standalone stub exists for this package.	Documentation or example source material exists, but it is not connected to a registered binding module. Such source material alone does not constitute an exposed Python API.	No dedicated binding configuration, CMake test, or authoritative build manifest exists for this package.	The package has documentation or example source material but no Python binding route. Its classes and functions are not exposed through a standalone module, stub, generated module documentation, or dedicated variant.		VERIFIED-UNSUPPORTED-DOC-ONLY-CURRENT-SOURCE
Skin_surface_3	Skin_surface_3	Meshing the 3d Skin surface defined for a set of spheres.	GPL (v3 or later)	UNSUPPORTED				none	Dedicated JSON documentation input: src/libs/cgalpy/lib/docstrings/json/Skin_surface_3.json. The exact ownership audit found no direct include of a public header owned by this package in tracked binding sources and no dedicated configuration, test, or authoritative build manifest.	No registered Python module or standalone stub exists for this package.	Documentation or example source material exists, but it is not connected to a registered binding module. Such source material alone does not constitute an exposed Python API.	No dedicated binding configuration, CMake test, or authoritative build manifest exists for this package.	The package has documentation or example source material but no Python binding route. Its classes and functions are not exposed through a standalone module, stub, generated module documentation, or dedicated variant.		VERIFIED-UNSUPPORTED-DOC-ONLY-CURRENT-SOURCE
Snap_rounding_2	Snap_rounding_2	Snap Rounding of line segment in 2D.	GPL (v3 or later)	UNSUPPORTED				none	Dedicated JSON documentation input: src/libs/cgalpy/lib/docstrings/json/Snap_rounding_2.json. The exact ownership audit found no direct include of a public header owned by this package in tracked binding sources and no dedicated configuration, test, or authoritative build manifest.	No registered Python module or standalone stub exists for this package.	Documentation or example source material exists, but it is not connected to a registered binding module. Such source material alone does not constitute an exposed Python API.	No dedicated binding configuration, CMake test, or authoritative build manifest exists for this package.	The package has documentation or example source material but no Python binding route. Its classes and functions are not exposed through a standalone module, stub, generated module documentation, or dedicated variant.		VERIFIED-UNSUPPORTED-DOC-ONLY-CURRENT-SOURCE
Solver_interface	Solver_interface	This package contains classes to interface third party linear algebra solvers (such as Eigen for example), mixed integer program solvers (such as SCIP for example), and nonlinear program solvers (such as OSQP for example).	LGPL (v3 or later)	UNSUPPORTED				none	Dedicated JSON documentation input: src/libs/cgalpy/lib/docstrings/json/Solver_interface.json. The exact ownership audit found no direct include of a public header owned by this package in tracked binding sources and no dedicated configuration, test, or authoritative build manifest.	No registered Python module or standalone stub exists for this package.	Documentation or example source material exists, but it is not connected to a registered binding module. Such source material alone does not constitute an exposed Python API.	No dedicated binding configuration, CMake test, or authoritative build manifest exists for this package.	The package has documentation or example source material but no Python binding route. Its classes and functions are not exposed through a standalone module, stub, generated module documentation, or dedicated variant.		VERIFIED-UNSUPPORTED-DOC-ONLY-CURRENT-SOURCE
Spatial_searching	Spatial_searching	ASPAS: Approximate Spatial Searching Package	GPL (v3 or later)	PARTIAL	Ss	CGALPY_SPATIAL_SEARCHING_BINDINGS	cmake/modules/spatial_searching_options.cmake	Registered Ss module with the maintained ss_2_cdlg configuration using the cartesiandLazyGmpq d-dimensional kernel, dynamic dimension tag and spatial-searching dimension 2. A fresh detached macOS arm64 Release build produced the CPython 3.12 extension, wheel, source distribution, distribution manifest, generated Ss stub and build-tree-generated Ss docstrings. The maintained registered comparison uses Spatial_searching/nearest_neighbor_searching.py.	The validated runtime surface exposes Fuzzy_iso_box, Fuzzy_sphere, Kd_tree_rectangle, Kd_tree, Distance_python, Euclidean_distance, K_neighbor_search_python, K_neighbor_search and get_spatial_searching_dimension. K_neighbor_search supports both the reduced three-argument constructor and the complete seven-argument constructor. K_neighbor_search_python exposes only the complete constructor requiring a populated Distance_python object. All three search constructors retain the referenced tree with nanobind keep_alive. The fuzzy-sphere binding exports the correct outer_range_contains method and no outer_range_intersects alias.	The fresh 386-line Ss stub parses and exposes the two ordinary neighbor-search constructor signatures, the single complete custom-distance constructor, k_neighbors for both search classes, outer_range_contains for both fuzzy query classes and get_spatial_searching_dimension. It contains no outer_range_intersects symbol. The top-level extension stub exports Ss alongside Kerd.	The fresh detached build contains generated Ss_docstrings.hpp and Ss_docstrings.cpp files in the build tree. The repaired constructors reuse the documented K_neighbor_search_K_neighbor_search symbol without inventing an overload suffix, and the correct fuzzy-query method uses the outer_range_contains docstring symbol. The deprecated source-tree generated-docstring directory remains absent.	The maintained ss_2_cdlg manifest configured and completed its fresh detached BUILD target. The resulting extension imported successfully and passed reduced ordinary, complete ordinary and complete custom-distance neighbor searches. The unsafe reduced custom constructor was rejected. Tree and Python callback lifetime tests passed after deleting their original Python variables, and a function-scoped cleanup run finished with zero nanobind leak lines and zero leaked keep_alive records. Fuzzy-sphere outer_range_contains and tree range search passed. The registered ss_nearest_neighbor_searching comparison finished with C++ and Python return codes zero and exact and normalized output matches.	Current CGAL 6.3-dev Epeck_d Spatial Searching does not compile: Fuzzy_iso_box, Kd_tree construction, removal and neighbor-search instantiation require subtraction, addition or subscript operations unavailable on the returned Iterator_from_indices type. The repository therefore disables Ss in the aggregate epec_all configuration and keeps the standalone ss_epekd configuration deferred. Orthogonal and incremental neighbor-search classes are not exposed. Euclidean_distance.inverse_of_transformed_distance remains unbound. Concurrent or externally threaded execution of Python distance callbacks was not independently validated.	EPECD coverage is blocked by the current upstream CGAL Epeck_d Spatial_searching iterator incompatibility. The deferred ss_epekd.cmake filename and publication policy require a separate mentor decision and are not part of maintained CDLG delivery.	VERIFIED-PARTIAL-CURRENT-SOURCE-CURRENT-RUNTIME-UPSTREAM-BLOCKED
Spatial_sorting	Spatial_sorting	Package Spatial_sorting: Clever sorting of points to improve incremental algorithms (typically Delaunay).	LGPL (v3 or later)	PARTIAL	St	CGALPY_SPATIAL_SORTING_BINDINGS	cmake/modules/spatial_sorting_options.cmake	registered St module with a verified spatial_sorting_options configuration file, selector and selector invocation. The options support sequential or parallel concurrency and median or middle Hilbert policies as compile-time choices. One dedicated st_epicd_4 runner and manifest resolve successfully in dry-run mode, and the broader carl configuration also enables St. No matching configured St build, extension, wheel or module stub was located.	Current source exposes one top-level Python function name, spatial_sort, through six source-level registrations intended for 2D, 3D and d-dimensional point lists. Explicit-kernel overloads accept Hilbert and multiscale thresholds plus a ratio, while default overloads use the compile-time policy. Each implementation copies the Python list into a C++ vector, sorts it and writes the ordered points back into the original list.	No generated St module stub was located because no matching configured St build was found. Runtime overload availability and stub parity are therefore unverified.	Spatial_sorting.json contains 22 compounds. Standalone build-tree St_docstrings.hpp and St_docstrings.cpp artifacts were verified, and the current source consumes St_docstrings.hpp. Their integration into a compiled St module was not verified.	The maintained st_epicd_4 runner and manifest resolve successfully in dry-run mode to a detached static-dimension-4 Kernel_d build directory. The broader carl configuration also enables St. Spatial_sorting/my_point.py and Triangulation_d/convex_hull.py use St.spatial_sort, but no focused Spatial_sorting comparison-runner entry was verified. No St variant was configured or compiled during this inventory, and no runtime import, stub parse or example execution was verified.	Only the spatial_sort function family is exposed. Hilbert_sort_2, Hilbert_sort_3, Hilbert_sort_d, Hilbert_sort_on_sphere_3, Multiscale_sort, Spatial_sort_traits_adapter_2, Spatial_sort_traits_adapter_3, Spatial_sort_traits_adapter_d and Python-visible policy types are absent. Concurrency and policy are compile-time choices rather than runtime Python arguments. d-dimensional helper definitions are guarded by CGALPY_KERNEL_D_BINDINGS, while their Python registrations are guarded by CGALPY_KERNEL_BINDINGS; this mismatch is verified but has not been demonstrated to cause a build failure. The original inventory mapping omitted the real St selector and configuration file; corrected mapping v2 records them.		VERIFIED-PARTIAL-CURRENT-SOURCE-NO-RUNTIME
Straight_skeleton_2	Straight_skeleton_2	Straight Line Skeleton (SLS) computation of a 2D Polygon with Holes, and SLS-Based Polygon Offsetting.	GPL (v3 or later)	PARTIAL	Sn2	CGALPY_STRAIGHT_SKELETON_2_BINDINGS	cmake/modules/straight_skeleton_2_options.cmake	registered Sn2 module with one maintained EPIC runner and matching manifest. The runner resolves successfully in dry-run mode to a detached build directory and enables both Straight_skeleton_2 and Polygon bindings. No matching configured Sn2 build, extension, wheel or module stub was located.	Current source exports 22 distinct top-level Python names through 72 overload registrations. It provides broad high-level interior and exterior straight-skeleton construction, weighted and unweighted variants, offset-polygon generation for polygons and polygons with holes, combined skeleton-and-offset functions, frame-margin computation, printing helpers and conditional drawing helpers. The Straight_skeleton_2 class itself exposes only a default constructor.	No generated Sn2 module stub was located because no matching configured Sn2 build was found. Runtime and stub parity are therefore unverified.	Straight_skeleton_2.json contains 32 compounds. Two standalone build-tree Sn2 docstring artifact sets were verified with different sizes and hashes, indicating different generation contexts. The current source consumes Sn2_docstrings.hpp, but integration into a compiled Sn2 module was not verified.	The maintained sn2_epic runner and manifest resolve successfully in dry-run mode. Multiple focused Python examples exercise high-level skeleton and offset functions, and create_offset_polygons_2.py is registered in the C++/Python comparison runner. No Sn2 variant was configured or compiled during this inventory, and no runtime import, stub parse or example execution was verified.	Straight_skeleton_2 exposes only construction and no skeleton methods or traversal interfaces. Vertex, Halfedge and Face aliases exist in the type header but were not visibly bound. Low-level builders, traits, visitors, polygon offset builders and converter types represented in the package documentation are absent. arrange_offset_polygons_2, convert_straight_skeleton_2 and extrude_skeleton are explicitly left unbound. low_level_api.py contains commented unavailable builder operations, while extrude_skeleton.py contains C++-style source and does not validate a Python extrusion binding.		VERIFIED-PARTIAL-CURRENT-SOURCE-NO-RUNTIME
Straight_skeleton_extrusion_2	Straight_skeleton_extrusion_2	Given a 2D strictly simple polygon, possibly with weights, and a set of angles associated to edges, construct the extruded polygon using a straight skeleton.	GPL (v3 or later)	UNSUPPORTED				none	The exact ownership audit found no direct include of a public header owned by this package in tracked binding sources, no dedicated JSON documentation input, no configuration or CMake test, no authoritative build manifest, and no dedicated Python example directory.	No registered Python module or standalone stub exists for this package.	No dedicated generated-docstring input or standalone Python module documentation was identified.	No dedicated binding configuration, CMake test, build manifest, or maintained Python example was identified.	No standalone or cross-delivered Python API is evidenced for this package. Its public API, module, stub, generated documentation, and binding-library route are absent.		VERIFIED-UNSUPPORTED-NO-BINDING-EVIDENCE-CURRENT-SOURCE
Stream_lines_2	Stream_lines_2	Stream lines placement in a 2D vector field.	GPL (v3 or later)	UNSUPPORTED				none	Dedicated JSON documentation input: src/libs/cgalpy/lib/docstrings/json/Stream_lines_2.json. The exact ownership audit found no direct include of a public header owned by this package in tracked binding sources and no dedicated configuration, test, or authoritative build manifest.	No registered Python module or standalone stub exists for this package.	Documentation or example source material exists, but it is not connected to a registered binding module. Such source material alone does not constitute an exposed Python API.	No dedicated binding configuration, CMake test, or authoritative build manifest exists for this package.	The package has documentation or example source material but no Python binding route. Its classes and functions are not exposed through a standalone module, stub, generated module documentation, or dedicated variant.		VERIFIED-UNSUPPORTED-DOC-ONLY-CURRENT-SOURCE
Stream_support	Stream_support	Stream support: General stream iterator, Verbose_ostream and support for io modes and tags.	LGPL (v3 or later)	PARTIAL				Dependency or cross-package delivery through existing registered bindings; no standalone Python module is registered for this CGAL package.	Tracked binding sources directly include 5 public header(s) owned by this package from 7 binding source/header file(s). Included headers: CGAL/IO/Color.h; CGAL/IO/io.h; CGAL/IO/polygon_soup_io.h; CGAL/IO/read_points.h; CGAL/IO/write_points.h. Binding files: src/libs/cgalpy/include/cgalpy/Graphics_scene_options_extended.hpp; src/libs/cgalpy/include/cgalpy/add_insertion.hpp; src/libs/cgalpy/lib/basic_viewer_bindings.cpp; src/libs/cgalpy/lib/kernel_bindings.cpp; src/libs/cgalpy/lib/point_set_processing_bindings.cpp; src/libs/cgalpy/lib/pol3/export_polyhedron_3.cpp; src/libs/cgalpy/lib/surface_mesh_bindings.cpp.	No standalone package stub exists. Python-visible symbols derived from these headers can appear only in stubs for the registered modules containing the wrapper code.	A dedicated package JSON documentation input exists: src/libs/cgalpy/lib/docstrings/json/Stream_support.json. No standalone generated Python documentation module is registered for this package.	No dedicated package configuration, CMake test, or authoritative build manifest was identified. Coverage is indirect through registered variants compiling the listed binding files.	The package is not independently bound. Only selected headers are consumed as dependencies or cross-package implementation details; its complete public API, standalone module, independent stub, module documentation, and dedicated build route are absent.		VERIFIED-PARTIAL-DEPENDENCY-CURRENT-SOURCE
Subdivision_method_3	Subdivision_method_3	Generic subdivision methods on Polygonal Meshes.	LGPL (v3 or later)	UNSUPPORTED				none	Dedicated JSON documentation input: src/libs/cgalpy/lib/docstrings/json/Subdivision_method_3.json. The exact ownership audit found no direct include of a public header owned by this package in tracked binding sources and no dedicated configuration, test, or authoritative build manifest.	No registered Python module or standalone stub exists for this package.	Documentation or example source material exists, but it is not connected to a registered binding module. Such source material alone does not constitute an exposed Python API.	No dedicated binding configuration, CMake test, or authoritative build manifest exists for this package.	The package has documentation or example source material but no Python binding route. Its classes and functions are not exposed through a standalone module, stub, generated module documentation, or dedicated variant.		VERIFIED-UNSUPPORTED-DOC-ONLY-CURRENT-SOURCE
Surface_mesh	Surface_mesh	Implementation of a halfedge datastructure	GPL (v3 or later)	PARTIAL	Sm	CGALPY_SURFACE_MESH_BINDINGS	cmake/modules/surface_mesh_options.cmake	Registered Sm module validated using fresh detached sm_pmp_epic, sm_pmp_epec and sm_all9_epic macOS arm64 Release builds from the integrated current source. Each variant produced a CPython 3.12 extension, wheel, source distribution, valid Sm stub and build-tree-generated Sm docstrings. Maintained examples and registered iterator and circulator comparisons passed in every variant.	Surface_mesh_3 exposes descriptor types, construction, mutation, traversal, garbage collection, static and dynamic property maps, points(), mesh and polygon-soup I/O, Face_filtered_graph and BGL-style graph operations. Ownership policies retain source meshes for static maps, points(), dynamic maps, tag-based maps and Face_filtered_graph. Global graph-range functions return copied vectors without invalid result keep_alive policies. Property-map range transfer parameters use from_index and to_index.	All three generated Sm stubs parse as valid Python and contain no reserved from or to parameter. EPIC and all-nine EPIC each contain 49 valid ranged transfer overloads. EPEC contains 53 because the exact kernel exports four additional FT map families.	All three build trees contain generated Sm_docstrings.hpp and Sm_docstrings.cpp under build-tree paths. Every header and source pair contains 178 matching identifiers and zero identifier beginning with CGAL_. The removed source-tree generated-docstring directory remains absent.	Three of three binding-library variants built their extension and stub targets and produced one wheel and one source distribution each. Runtime cases passed 33/33 with zero tested nanobind leak lines. Maintained examples passed 15/15. Registered Python versus C++ iterator and circulator comparisons passed 6/6 with exact and normalized matches.	Surface_mesh_2 is defined but not exported. Dynamic bool property maps are not exported. assign, property_stats, Face_filtered_graph index-map getters, selection helpers, remove_edge by two vertices and several Boost selection functions remain unbound or commented out. read_polygon_soup accepts an unused named-parameter dictionary. Visual drawing was not included in headless validation. The legacy misspelled sm_circualtors.py remains for compatibility, while the maintained runner now invokes sm_circulators.py.		VERIFIED-PARTIAL-CURRENT-SOURCE-CURRENT-RUNTIME
Surface_mesh_approximation	Surface_mesh_approximation		GPL (v3 or later)	PARTIAL	Sma	CGALPY_SURFACE_MESH_APPROXIMATION_BINDINGS	cmake/modules/surface_mesh_approximation_options.cmake	Registered Sma module validated in focused sm_sma_epic and consolidated sm_all9_epic Release configurations. Both produced loadable extensions, wheels, source distributions, valid stubs, and build-tree docstrings.	Live and generated-stub surfaces match exactly and expose Seeding_method, Verbose_level, approximate_triangle_mesh. Generated documentation is wired to both public enumerations and the maintained function.	Both generated Sma stubs parse and exactly match their live public surfaces.	All top-level public Sma objects have non-empty runtime documentation. The expected generated enumeration text is present. Generated declaration and definition sets match and contain no CGAL_-prefixed identifier.	Focused and all-nine builds and offline packaging passed. Every maintained Sma example passed in both configurations with zero tested nanobind leak lines. No parity pair is currently registered.	The maintained Python API is partial relative to the full CGAL Surface Mesh Approximation package. No Sma.json stub filter is required by the validated pipeline.		VERIFIED-PARTIAL-CURRENT-SOURCE-CURRENT-RUNTIME
Surface_mesh_decomposition	Surface_mesh_decomposition	Implementation package containing approximate convex decomposition of closed surface meshes into convex volumes.	GPL (v3 or later)	PARTIAL				No independent Python submodule is registered for this source-package row. Its public CGAL::approximate_convex_decomposition API is delivered through the registered Smdec module associated with the Convex_decomposition_3 documentation package.	The implementation header Surface_mesh_decomposition/include/CGAL/approximate_convex_decomposition.h defines the API exposed by Smdec. Upstream assigns the function to the PkgConvexDecomposition3Ref Doxygen group, and the Convex_decomposition_3 Doxyfile deliberately imports this header. Fresh EPIC, EPEC and aggregate Smdec runtimes successfully exercised the implementation.	No independent Surface_mesh_decomposition Python module or stub exists. The delivered API appears in the three fresh Smdec stubs.	No Surface_mesh_decomposition.json input exists because upstream documents the public approximate-decomposition function under Convex_decomposition_3. The generated Smdec documentation therefore correctly comes from Convex_decomposition_3.json.	Coverage is provided through the three fresh Smdec builds and runtimes. Focused EPIC, focused EPEC and all-nine EPIC builds passed, and the maintained approximate convex decomposition example passed.	This package has no independently registered Python module, library-name component, stub or documentation input. Its public approximate-decomposition API is cross-delivered through Smdec under the Convex_decomposition_3 documentation identity. The table must retain this row to distinguish the physical implementation package from the upstream documentation package and avoid falsely classifying the implementation as entirely unsupported.		VERIFIED-PARTIAL-CROSS-PACKAGE-DELIVERY-CURRENT-SOURCE-CURRENT-RUNTIME
Surface_mesh_deformation	Surface_mesh_deformation		GPL (v3 or later)	PARTIAL	Smdef	CGALPY_SURFACE_MESH_DEFORMATION_BINDINGS	cmake/modules/surface_mesh_deformation_options.cmake	Registered Smdef module validated in focused sm_smdef_epic and consolidated sm_all9_epic Release configurations. Both produced loadable extensions, wheels, source distributions, valid stubs, and build-tree docstrings.	Live and generated-stub surfaces match exactly and expose Deformation_algorithm_tag, Surface_mesh_deformation. Existing generated class and enumeration documentation is wired to the Python bindings.	Both generated Smdef stubs parse and exactly match their live public surfaces.	All top-level public Smdef objects have non-empty runtime documentation and contain the expected generated class or enumeration text. Generated declaration and definition sets match and contain no CGAL_-prefixed identifier.	Focused and all-nine builds and offline packaging passed. Every maintained Smdef example passed in both configurations with zero tested nanobind leak lines. No parity pair is currently registered.	The maintained Python API remains partial relative to the full CGAL Surface Mesh Deformation package.		VERIFIED-PARTIAL-CURRENT-SOURCE-CURRENT-RUNTIME
Surface_mesh_parameterization	Surface_mesh_parameterization	Planar Parameterization of Triangulated Surface Meshes Parameterizing a surface amounts to finding a one-to-one mapping from a suitable domain to the surface. In this package, we focus on triangulated surfaces that are homeomorphic to a disk and on piecewise linear mappings into a planar domain. This CGAL package implements several surface mesh parameterization methods, such as As Rigid As Possible Parameterization, Discrete Authalic Parameterization, Discrete Conformal Map, Floater Mean Value Coordinates, Least Squares Conformal Maps, Orbifold Tutte Embedding, or Tutte Barycentric Mapping. The package proposes an interface with the Boost Graph Library API data structure. It can thus be used either with Polyhedron_3, Surface_mesh, or any class model of the concept `FaceGraph`. Since parameterizing meshes requires an efficient representation of sparse matrices and efficient iterative or direct linear solvers, we provide links to the standard library Eigen3.	GPL (v3 or later)	PARTIAL	Smp	CGALPY_SURFACE_MESH_PARAMETERIZATION_BINDINGS	cmake/modules/surface_mesh_parameterization_options.cmake	Registered Smp module validated in focused sm_smp_epic and consolidated sm_all9_epic Release configurations. Both produced loadable extensions, wheels, source distributions, valid stubs, and build-tree docstrings.	Live and generated-stub surfaces match exactly and expose Error_code, Parameterization_method, get_error_message, and parameterize_to_off. Generated Error_code documentation and the wrapper-owned Parameterization_method documentation are wired to the Python bindings.	Both generated Smp stubs parse and exactly match their live public surfaces.	All top-level public Smp objects have non-empty runtime documentation and contain the expected generated or wrapper-owned text. Generated declaration and definition sets match and contain no CGAL_-prefixed identifier.	Focused and all-nine builds and offline packaging passed. The maintained simple_parameterization.py example passed in both configurations with zero tested nanobind leak lines. No parity pair is currently registered.	The maintained Python API is partial relative to the full CGAL Surface Mesh Parameterization package. It exposes four selected parameterization algorithms through Parameterization_method and the parameterize_to_off helper.		VERIFIED-PARTIAL-CURRENT-SOURCE-CURRENT-RUNTIME
Surface_mesh_segmentation	Surface_mesh_segmentation		GPL (v3 or later)	PARTIAL	Smse	CGALPY_SURFACE_MESH_SEGMENTATION_BINDINGS	cmake/modules/surface_mesh_segmentation_options.cmake	Registered Smse module validated in focused sm_smse_epic and sm_smse_epec and consolidated sm_all9_epic Release configurations. Each configuration produced one loadable extension, one wheel, one source distribution, a valid Smse stub, and build-tree-generated docstrings.	The live and generated-stub surfaces match exactly and expose sdf_values, sdf_values_postprocessing, segmentation_from_sdf_values, and segmentation_via_sdf_values. All four wrapper functions use generated cgalpy::smse::docstrings symbols.	The generated Smse stubs for focused EPIC, focused EPEC, and consolidated all-nine EPIC parse successfully and exactly match their live public surfaces.	All four public Smse functions have non-empty runtime documentation containing the expected generated text. Generated declaration and definition sets match with 25 symbols and no CGAL_-prefixed identifier.	Fresh focused EPIC, focused EPEC, and all-nine main-source builds and offline packaging passed. The maintained segmentation_from_sdf_values_SM_example.py runner passed in all three configurations with zero tested nanobind leak lines. A broader candidate diagnostic recorded that two legacy examples use the fixed CGALPY.CGALPY import and three require Pol3, which the maintained Surface_mesh-focused variants do not expose. Repository-wide parity registration references found: 0.	The maintained runnable example route covers the Surface_mesh example. Five additional legacy example files are not compatible with these Surface_mesh-only variants because they either use the obsolete fixed CGALPY import or require the Pol3 module.		VERIFIED-PARTIAL-CURRENT-SOURCE-CURRENT-RUNTIME
Surface_mesh_shortest_path	Surface_mesh_shortest_path	Surface mesh shortest path package: provides methods for computing geodesic shortest path on triangulated surface meshes	GPL (v3 or later)	PARTIAL	Smsh	CGALPY_SURFACE_MESH_SHORTEST_PATH_BINDINGS	cmake/modules/surface_mesh_shortest_path_options.cmake	Registered Smsh module validated in focused sm_smsh_epic, focused sm_smsh_epec, and consolidated sm_all9_epic Release configurations. Each produced one loadable extension, one wheel, one source distribution, a valid Smsh stub, and build-tree-generated documentation.	The live and generated-stub surfaces match exactly and expose Barycentric_coordinates_type, Surface_mesh_shortest_path, and random_face_index. The class exposes its mesh constructor, two add_source_point overloads, build_sequence_tree, clear, number_of_source_points, point, two shortest-distance overloads, two shortest-path point overloads, and the wrapper-owned polyline writer. Thirteen exact generated cgalpy::smsh::docstrings symbols are wired.	Generated Smsh stubs for focused EPIC, focused EPEC, and consolidated all-nine EPIC parse successfully and exactly match their live public surfaces.	The enum, class, constructor, and all CGAL-backed bound methods use generated documentation. The random-face helper and polyline writer retain wrapper-owned documentation. Generated declaration and definition sets match with 408 symbols and no CGAL_-prefixed generated identifier.	Fresh focused EPIC, focused EPEC, and all-nine candidate and main-source builds passed. Offline wheel and source-distribution generation passed. The maintained shortest_paths.py example passed in all three configurations, produced a non-empty 2,912,546-byte polyline file, and emitted zero tested nanobind leak lines. No Smsh parity pair is registered.	The Python wrapper intentionally exposes a focused subset of the underlying CGAL class. Currently unbound operations include source-point removal and iteration, changed_since_last_build, shortest_path_sequence_to_source_points, face_location, locate, build_aabb_tree, and related advanced traits and visitor interfaces.		VERIFIED-PARTIAL-CURRENT-SOURCE-CURRENT-RUNTIME
Surface_mesh_simplification	Surface_mesh_simplification		GPL (v3 or later)	PARTIAL	Smsi	CGALPY_SURFACE_MESH_SIMPLIFICATION_BINDINGS	cmake/modules/surface_mesh_simplification_options.cmake	registered Smsi module with maintained sm_sms_epic and sm_sms_epec variants, plus broader all-package variants; existing detached artifacts require rebuild at current HEAD	Current binding_surface_mesh_simplification.cpp exposes stop predicates, costs, placements, filters, constrained placements, Garland-Heckbert policies, Edge_profile, visitor callbacks and a Python dict named-parameter dispatcher. The existing EPIC runtime imports successfully and exposes five edge_collapse overloads with np: dict. The existing EPEC runtime imports successfully but omits edge_collapse because exact-FT builds do not register those overloads.	Existing EPIC and EPEC Smsi stubs parse successfully. The EPIC stub contains five edge_collapse overloads with np: dict = {}, while the EPEC stub correctly omits edge_collapse and retains the policy classes.	Surface_mesh_simplification.json contains 33 compounds. Existing build-tree Smsi_docstrings.hpp and Smsi_docstrings.cpp were verified for both EPIC and EPEC builds, and the current source consumes Smsi_docstrings.hpp.	Maintained sm_sms_epic and sm_sms_epec runner entries and manifests exist, together with sm_all9_epic, pol3_sms_epic, epic_all and epec_all routes. Existing EPIC and EPEC extensions, wheels, stubs and generated docstrings were inspected. Both current build targets require rebuilding. Ten focused Python files exist, but their execution was not validated during this inventory audit.	The maintained EPEC exact-FT variant omits the core edge_collapse operation; the source commit explicitly describes exact-FT support as partial. Edge_profile vertex_point_map is commented out, geom_traits is marked unsupported, and probabilistic Garland-Heckbert plane and triangle policy bindings are commented out. The tracked README statement that all named-parameter support is not ready is stale because substantial dict-based support is now implemented.		VERIFIED-PARTIAL-CURRENT-SOURCE-HISTORICAL-RUNTIME
Surface_mesh_skeletonization	Surface_mesh_skeletonization	Extraction of a curve skeleton from a triangulated surface mesh	GPL (v3 or later)	PARTIAL	Smsk	CGALPY_SURFACE_MESH_SKELETONIZATION_BINDINGS	cmake/modules/surface_mesh_skeletonization_options.cmake	Registered Smsk module validated in focused Surface_mesh EPIC, focused Polyhedron_3 EPIC, and consolidated all-nine Surface_mesh EPIC Release configurations. Candidate and main validations each produced a loadable extension, wheel, source distribution, generated stubs, and build-tree documentation. Exact EPEC intentionally disables Smsk.	Twenty-eight generated documentation references remain wired through the smsk_doc namespace alias. Vmap.vertices is exposed as a read-only Python list. Surface_mesh descriptors convert directly, while Polyhedron iterator descriptors are dereferenced into registered non-owning Polyhedron vertex objects.	Generated Smsk stubs parse successfully and exactly match each live top-level public surface. Vmap.vertices is represented as read-only.	Generated Smsk declaration and definition sets contain 128 matching symbols with no CGAL_-prefixed generated identifier. The descriptor adapter property retains wrapper-owned documentation.	Candidate and main focused Surface_mesh, focused Polyhedron_3, and all-nine builds passed compilation, stub generation, imports, runtime audits, and offline non-isolated wheel and source distribution packaging. Both Polyhedron examples and all tested Surface_mesh examples passed with non-empty outputs and zero tested nanobind leak lines. The visitor example breaks its bound-method callback cycle before deleting the visitor.	set_fixed_vertices remains intentionally unbound because its VertexIterator binding is unresolved. Vmap.vertices is intentionally read-only. Smsk remains unavailable for exact EPEC.		VERIFIED-PARTIAL-CURRENT-SOURCE-CURRENT-RUNTIME
Surface_mesh_topology	Surface_mesh_topology	Implementation of topological algorithms on surface meshes.	GPL (v3 or later)	PARTIAL	Smt	CGALPY_SURFACE_MESH_TOPOLOGY_BINDINGS	cmake/modules/surface_mesh_topology_options.cmake	Registered Smt module validated in focused Surface_mesh EPIC, focused Surface_mesh EPEC, and consolidated all-nine Surface_mesh EPIC Release configurations. Candidate and main validations each produced a loadable extension, wheel, source distribution, generated stubs, and build-tree documentation.	The binding includes the build-tree-generated Smt documentation header and uses the lowercase cgalpy::smt::docstrings namespace. Eighteen generated references document directly mapped classes, constructors, methods, the sequence push-back convenience wrapper, and the Python base-point homotopy method through the equivalent fixed-endpoint upstream documentation.	Generated Smt stubs parse successfully and exactly match the live four-entity top-level public surface in EPIC, EPEC, and all-nine configurations. Path and topology-helper method sets also match across configurations.	Generated declaration and definition sets contain 73 matching symbols with no CGAL_-prefixed generated identifier. Eighteen exact generated references are wired. Wrapper-only copy, path editing, quadrangulation, and example-helper descriptions remain manually documented.	Candidate and fresh main EPIC, EPEC, and all-nine builds passed compilation, stub generation, imports, runtime documentation audits, offline non-isolated wheel and source-distribution packaging, cross-variant API comparison, and the maintained open-path homotopy example with zero tested nanobind leak lines.	The Python module intentionally exposes a selected Surface_mesh subset of the 73 documented upstream entries. Generated-but-unbound upstream operations and wrapper-only extensions remain outside direct generated wiring; wrapper-specific descriptions are retained where no exact generated API exists.		VERIFIED-PARTIAL-CURRENT-SOURCE-CURRENT-RUNTIME
Surface_mesher	Surface_mesher		GPL (v3 or later)	UNSUPPORTED				none	Dedicated JSON documentation input: src/libs/cgalpy/lib/docstrings/json/Surface_mesher.json. The exact ownership audit found no direct include of a public header owned by this package in tracked binding sources and no dedicated configuration, test, or authoritative build manifest.	No registered Python module or standalone stub exists for this package.	Documentation or example source material exists, but it is not connected to a registered binding module. Such source material alone does not constitute an exposed Python API.	No dedicated binding configuration, CMake test, or authoritative build manifest exists for this package.	The package has documentation or example source material but no Python binding route. Its classes and functions are not exposed through a standalone module, stub, generated module documentation, or dedicated variant.		VERIFIED-UNSUPPORTED-DOC-ONLY-CURRENT-SOURCE
Surface_sweep_2	Surface_sweep_2	2D sweepline over a planar arrangement	GPL (v3 or later)	PARTIAL	Ss2	CGALPY_SURFACE_SWEEP_2_BINDINGS	cmake/modules/surface_sweep_2_options.cmake	Registered Ss2 module validated in the focused segment-traits EPEC configuration. Candidate and fresh main validations each produced a loadable extension, wheel, source distribution, generated stubs, and build-tree documentation.	The binding includes the build-tree-generated Ss2 documentation header and uses the lowercase cgalpy::ss2::docstrings namespace. Six exact generated references document the default and explicit-traits overloads of intersection-point computation, subcurve computation, and intersection testing.	Generated Ss2 stubs parse successfully and match the live three-function public surface. Default and explicit-traits overloads were exercised at runtime.	Generated declaration and definition sets match, all six wrapper references resolve to declared symbols, runtime documentation is nonempty for all public functions, and no generated identifier has an unnecessary CGAL_ prefix.	Candidate and fresh main Release builds passed compilation, stub generation, imports, runtime audits, offline non-isolated wheel and source-distribution packaging, the maintained Python plane-sweep example, and exact CGAL C++ versus CGALPY Python output parity with zero tested nanobind leak lines.	The registered configuration covers segment traits with EPEC. In the currently included older CGAL compatibility route, the Python consider_common_endpoints parameter is accepted but the underlying do_curves_intersect API has no equivalent endpoint flag, so that argument is currently ignored.		VERIFIED-PARTIAL-CURRENT-SOURCE-CURRENT-RUNTIME
TDS_2	TDS_2	Package 2D Triangulation Data Structure	GPL (v3 or later)	PARTIAL				Dependency or cross-package delivery through existing registered bindings; no standalone Python module is registered for this CGAL package.	Tracked binding sources directly include 1 public header(s) owned by this package from 1 binding source/header file(s). Included headers: CGAL/Triangulation_data_structure_2.h. Binding files: src/libs/cgalpy/include/cgalpy/triangulation_2_config.hpp.	No standalone package stub exists. Python-visible symbols derived from these headers can appear only in stubs for the registered modules containing the wrapper code.	A dedicated package JSON documentation input exists: src/libs/cgalpy/lib/docstrings/json/TDS_2.json. No standalone generated Python documentation module is registered for this package.	No dedicated package configuration, CMake test, or authoritative build manifest was identified. Coverage is indirect through registered variants compiling the listed binding files.	The package is not independently bound. Only selected headers are consumed as dependencies or cross-package implementation details; its complete public API, standalone module, independent stub, module documentation, and dedicated build route are absent.		VERIFIED-PARTIAL-DEPENDENCY-CURRENT-SOURCE
TDS_3	TDS_3	Package TDS_3 : triangulation data structure for dimension <= 3	GPL (v3 or later)	PARTIAL				Dependency or cross-package delivery through existing registered bindings; no standalone Python module is registered for this CGAL package.	Tracked binding sources directly include 1 public header(s) owned by this package from 1 binding source/header file(s). Included headers: CGAL/Triangulation_data_structure_3.h. Binding files: src/libs/cgalpy/include/cgalpy/triangulation_3_config.hpp.	No standalone package stub exists. Python-visible symbols derived from these headers can appear only in stubs for the registered modules containing the wrapper code.	A dedicated package JSON documentation input exists: src/libs/cgalpy/lib/docstrings/json/TDS_3.json. No standalone generated Python documentation module is registered for this package.	No dedicated package configuration, CMake test, or authoritative build manifest was identified. Coverage is indirect through registered variants compiling the listed binding files.	The package is not independently bound. Only selected headers are consumed as dependencies or cross-package implementation details; its complete public API, standalone module, independent stub, module documentation, and dedicated build route are absent.		VERIFIED-PARTIAL-DEPENDENCY-CURRENT-SOURCE
Testsuite	Testsuite	Infrastructure for the test-suite.	LGPL (v3 or later)	NOT-APPLICABLE				test infrastructure		Not applicable: this package contains CGAL test-suite infrastructure rather than a registered Python API module, so no standalone Python stub is expected.			CGAL test-suite infrastructure.		VERIFIED
Tetrahedral_remeshing	Tetrahedral_remeshing		GPL (v3 or later)	UNSUPPORTED				none	Dedicated JSON documentation input: src/libs/cgalpy/lib/docstrings/json/Tetrahedral_remeshing.json. The exact ownership audit found no direct include of a public header owned by this package in tracked binding sources and no dedicated configuration, test, or authoritative build manifest.	No registered Python module or standalone stub exists for this package.	Documentation or example source material exists, but it is not connected to a registered binding module. Such source material alone does not constitute an exposed Python API.	No dedicated binding configuration, CMake test, or authoritative build manifest exists for this package.	The package has documentation or example source material but no Python binding route. Its classes and functions are not exposed through a standalone module, stub, generated module documentation, or dedicated variant.		VERIFIED-UNSUPPORTED-DOC-ONLY-CURRENT-SOURCE
Three	Three	Application running 3D algorithms on 3D items.	GPL (v3 or later)	NOT-APPLICABLE				standalone application		Not applicable: this package is a standalone application rather than a registered Python API module, so no standalone Python stub is expected.			Standalone application for running 3D algorithms.		VERIFIED
Triangulation	Triangulation	The package Triangulation provides classes for manipulating triangulations in Euclidean spaces whose dimension can be specified at compile-time or at run-time. It also provides point location and a class for building Delaunay triangulation supporting both point insertion and removal.	GPL (v3 or later)	PARTIAL	Trid	CGALPY_TRIANGULATION_D_BINDINGS	cmake/modules/triangulation_d_options.cmake	Registered Trid module with a verified triangulation_d_options configuration file and active selector. Five dedicated maintained variants cover plain dynamic, Delaunay dynamic, Delaunay static dimensions 4 and 7, and regular static dimension 5; all resolve successfully in runner dry-run mode. The broader carl configuration also enables Delaunay Trid with vertex and full-cell data. Historical Linux wheels and multiple historical macOS arm64 build logs contain a compiled extension and Trid stub, but no current-HEAD configured Trid build or import was verified.	Current source exports Triangulation_ds, Triangulation, Vertex, Full_cell, Facet, Face and Locate_type, with broad topology, incidence, traversal, insertion, point-location and validation operations. Regular configurations additionally export Regular_triangulation, while Delaunay configurations export Delaunay_triangulation with conflict-zone, insertion and removal operations. The triangulation family, dimension tag and dimension, storage policy, vertex data and full-cell data are compile-time variant choices.	A preserved historical Delaunay static-dimension-4 Linux wheel contains Trid/__init__.pyi with 1297 lines and 59831 bytes. Python 3.12 parsing fails because two generated constructors place required traits parameters after the defaulted positional parameter dim: Triangulation.__init__ at line 392 and Delaunay_triangulation.__init__ at line 1197. Two preserved Linux wheel archives contain identical packaged files despite different outer ZIP hashes. No current-HEAD generated Trid stub or current stub-parity check was verified.	The source-tree Triangulation.json contains 31 compounds, while standalone generated Trid_docstrings.hpp and Trid_docstrings.cpp artifacts were verified. The current binding source includes Trid_docstrings.hpp and uses cgalpy::trid::docstrings extensively. Historical packaged builds contain generated Trid documentation, but no current-HEAD compiled Trid module was verified.	Five maintained Trid manifests resolve successfully in dry-run mode. Three focused examples cover dynamic Triangulation_ds, Delaunay insertion and a convex-hull workflow; the Delaunay example is registered in compare_examples.py. Historical logs show multiple successful macOS arm64 wheel builds and preserved Linux wheels for Delaunay static dimension 4, while one older historical full-matrix log records a linker failure. No current-HEAD Trid build, runtime import or example execution was performed during this inventory.	Plain, regular and Delaunay are separate compile-time library variants rather than runtime-selectable Python types in one build. Dimension mode and value, storage policy and optional vertex or full-cell data are also compile-time choices. No maintained mirror-storage Trid route was found. CGALPY_TRID_HIERARCHY defines a macro, but no Trid hierarchy type or binding implementation was found. collapse_face and the Triangulation_ds mirror_vertex binding are disabled with CGAL bug comments. Current safety notes record that a 4D point was accepted by a 7D Delaunay triangulation without raising. The preserved historical Trid stub has two invalid required-after-default constructor signatures. Current-HEAD build, import and stub parity remain unverified.		VERIFIED-PARTIAL-CURRENT-SOURCE-HISTORICAL-RUNTIME
Triangulation_2	Triangulation_2	Package triangulation: provides triangulations, Delaunay triangulations, constrained and regular triangulations with tests and examples.	GPL (v3 or later)	PARTIAL	Tri2	CGALPY_TRIANGULATION_2_BINDINGS	cmake/modules/triangulation_2_options.cmake	Registered Tri2 module with a verified triangulation_2_options configuration file and two unique maintained current-source configurations. The constrained Delaunay configuration enables vertex and face info; the plain hierarchy configuration enables vertex and face info plus hierarchy. Both fresh detached macOS arm64 builds contain a CPython 3.12 extension, generated root and Tri2 stubs, generated Tri2 docstrings, a wheel, a source distribution and a verified distribution manifest. The archived wh hierarchy runner duplicates the maintained wi hierarchy configuration and is not a third unique variant.	Current source exports the maintained Triangulation_2 surface through Triangulation_cw_ccw_2, Triangulation_data_structure_2, Triangulation_2 and draw. Isolated parity validation covered both cw/ccw methods, 12 effective triangulation-data-structure methods, 88 effective Triangulation_2 methods and all 17 nested runtime classes. The Geom_traits, Point, Segment and Triangle aliases exist in both stubs and map to the expected runtime kernel types. A source defect in export_triangulation_2.cpp was corrected from the undefined CGALPY_TRI2_PERIODIC_REGULAR token to the defined CGALPY_TRI2_PERIODIC_PLAIN token, preventing the plain value from being mistaken for a periodic configuration.	Both fresh Tri2 build-tree stubs parse successfully and have exact inheritance-aware runtime parity for their maintained surfaces. The constrained stub is 37902 bytes with SHA256 d853f0755a571b269f051100b872fbaad9b66e4632f531542522cf293496e1a0. The hierarchy stub is 37801 bytes with SHA256 968892b8483c79aa57668ad95e8eb398b0df198e9bf2a8df365e4c3a246922b5. A Tri2-specific nanobind pattern supplies the four runtime aliases Geom_traits, Point, Segment and Triangle. Each generated wheel contains the root stub, Ker stub, Tri2 stub and py.typed marker.	Triangulation_2.json is present with size 466585 bytes and SHA256 f02966358d83258cf2c7a99097640cb7a34b3fbf6fc86096d1002d699df5aef7. Both fresh builds contain byte-identical generated Tri2_docstrings.hpp and Tri2_docstrings.cpp artifacts in detached build-tree generated directories. The generated namespace is cgalpy::tri2::docstrings. All 479 generated declarations have matching definitions, no generated identifier has a forbidden CGAL_ prefix, and all 83 identifiers referenced by the six integrated Tri2 wrapper files are present. The shared generator currently uses extern const char* const rather than the preferred constexpr const char* storage form.	Both unique maintained configurations were freshly configured and built from the current working source. Isolated Python 3.12 probes passed exact top-level, method, nested-class and alias parity without normal interpreter shutdown testing. Both BUILD targets produced one platform wheel, one source distribution and a matching distribution-artifacts.json manifest. The constrained wheel SHA256 is d5369bceddd4aad37b8236b1316b2d2051d3ba77986c74dbc4a0741fe498d832; the hierarchy wheel SHA256 is cf7acbe12a5bff645672761f0f228a03e6b6ad78a8e270543f7e102dcb97a0c3. Both wheels are non-pure CPython 3.12 macOS arm64 wheels and contain every required extension, stub and typing artifact.	The audit covers the two unique maintained Tri2 configurations. Periodic, regular, standalone Delaunay and aggregate all-module configurations were not rebuilt as separate Tri2 validation variants. Point_set_2, nearest-neighbor and range-search APIs remain outside the registered Tri2 package surface and are tracked separately in the Point_set_2 matrix row. The shared docstring generator still emits extern const char* const instead of the preferred constexpr const char* form. No complete Tri2 Python example-suite sweep or normal-interpreter-shutdown runtime test was performed.		VERIFIED-PARTIAL-CURRENT-SOURCE-CURRENT-RUNTIME
Triangulation_3	Triangulation_3	Package Triangulation_3 : triangulation data structure, triangulation, Delaunay triangulation and regular triangulation for dimension <= 3	GPL (v3 or later)	PARTIAL	Tri3	CGALPY_TRIANGULATION_3_BINDINGS	cmake/modules/triangulation_3_options.cmake	Registered Tri3 module with a verified triangulation_3_options configuration and twelve maintained current-source manifests relevant to Tri3. Fresh detached macOS arm64 Release builds cover plain, Delaunay, fast-location Delaunay, vertex-info Delaunay, regular triangulation through As3, exact-comparison As3, a parallel-requested As3 route, and the carl, epec_all and epic_all aggregate configurations. Every fresh build contains a CPython 3.12 extension, generated Tri3 stub, generated Tri3 docstrings, wheel, source distribution and distribution manifest.	All twelve fresh extensions import successfully and expose Ker and Tri3. Representative runtime validation covers plain Triangulation_3 construction, insertion, dimensions, counts, finite-range traversal, locate behavior, duplicate insertion, serialization and reconstruction; Delaunay construction, locate_get_incident and find_conflicts; fast-location nearest-vertex queries; vertex-info set_info and info; and regular, exact-comparison, parallel-requested and aggregate build routes. The maintained examples were updated from the removed locate_face name to the current locate_get_incident API using its verified variable-length tuple contract.	All twelve fresh build trees contain a Tri3 module stub. Every Tri3 stub parses successfully, contains locate_get_incident, omits the stale locate_face binding name and corresponds to an extension that passed a fresh runtime import. Variant-dependent stubs were generated for plain, Delaunay, fast-location, vertex-info, cell-info, regular, exact-comparison and aggregate configurations. This audit verifies generation and representative runtime compatibility but does not claim complete API-by-API parity for every variant.	All twelve fresh build trees contain generated Tri3_docstrings.hpp and Tri3_docstrings.cpp files in the detached build tree. The generated files have 448 matching unique declarations and definitions, with no generated identifier beginning with the forbidden CGAL_ prefix. The source-tree generated-docstring directory remains absent.	All twelve maintained Tri3-related manifests configured and built successfully with target BUILD, and all twelve produced extensions imported successfully. The maintained headless examples simple_triangulation.py, tri3_del.py, for_loop.py and fast_location.py passed. Additional focused smokes passed for repaired locate/find_conflicts behavior, vertex-info storage, serialization, generated artifacts, Python syntax, stale locate_face removal and author attribution.	The maintained catalog has no focused periodic or hierarchy Tri3 configuration, so those option families remain unvalidated. The parallel-requested route built successfully, but effective TBB-backed parallel execution versus sequential fallback was not independently confirmed. Viewer-dependent examples color.py, draw_triangulation_3.py, find_conflicts_3.py and segment_cell_traverser_3.py were not executed in this freeze sweep; equivalent headless logic was validated for locate/find_conflicts and vertex info. segment_cell_traverser_3.py also depends on PSP, whose callback ownership and lifetime design remains blocked on Efi. The currently empty public Triangulation_data_structure_3 runtime surface remains unclassified pending a dedicated wrapper and upstream API reconciliation.		VERIFIED-PARTIAL-CURRENT-SOURCE-CURRENT-RUNTIME
Triangulation_on_hyperbolic_surface_2	Triangulation_on_hyperbolic_surface_2	Package Triangulation_on_hyperbolic_surface_2 : provides triangulations of closed oriented hyperbolic surfaces, Delaunay flip algorithm on those triangulations, construction of the triangulations from convex geodesic fundamental domains, construction of such domains for genus 2 surfaces	GPL (v3 or later)	UNSUPPORTED				none	Dedicated JSON documentation input: src/libs/cgalpy/lib/docstrings/json/Triangulation_on_hyperbolic_surface_2.json. The exact ownership audit found no direct include of a public header owned by this package in tracked binding sources and no dedicated configuration, test, or authoritative build manifest.	No registered Python module or standalone stub exists for this package.	Documentation or example source material exists, but it is not connected to a registered binding module. Such source material alone does not constitute an exposed Python API.	No dedicated binding configuration, CMake test, or authoritative build manifest exists for this package.	The package has documentation or example source material but no Python binding route. Its classes and functions are not exposed through a standalone module, stub, generated module documentation, or dedicated variant.		VERIFIED-UNSUPPORTED-DOC-ONLY-CURRENT-SOURCE
Triangulation_on_sphere_2	Triangulation_on_sphere_2		GPL (v3 or later)	UNSUPPORTED				none	Dedicated JSON documentation input: src/libs/cgalpy/lib/docstrings/json/Triangulation_on_sphere_2.json. The exact ownership audit found no direct include of a public header owned by this package in tracked binding sources and no dedicated configuration, test, or authoritative build manifest.	No registered Python module or standalone stub exists for this package.	Documentation or example source material exists, but it is not connected to a registered binding module. Such source material alone does not constitute an exposed Python API.	No dedicated binding configuration, CMake test, or authoritative build manifest exists for this package.	The package has documentation or example source material but no Python binding route. Its classes and functions are not exposed through a standalone module, stub, generated module documentation, or dedicated variant.		VERIFIED-UNSUPPORTED-DOC-ONLY-CURRENT-SOURCE
Union_find	Union_find	A union-find data structure called Partition	LGPL (v3 or later)	PARTIAL				Dependency or cross-package delivery through existing registered bindings; no standalone Python module is registered for this CGAL package.	Tracked binding sources directly include 1 public header(s) owned by this package from 1 binding source/header file(s). Included headers: CGAL/Union_find.h. Binding files: src/libs/cgalpy/include/cgalpy/merge_coplanar_facets.hpp.	No standalone package stub exists. Python-visible symbols derived from these headers can appear only in stubs for the registered modules containing the wrapper code.	No dedicated package JSON documentation input or standalone generated Python documentation module was identified.	No dedicated package configuration, CMake test, or authoritative build manifest was identified. Coverage is indirect through registered variants compiling the listed binding files.	The package is not independently bound. Only selected headers are consumed as dependencies or cross-package implementation details; its complete public API, standalone module, independent stub, module documentation, and dedicated build route are absent.		VERIFIED-PARTIAL-DEPENDENCY-CURRENT-SOURCE
Visibility_2	Visibility_2		GPL (v3 or later)	PARTIAL	Vis2	CGALPY_VISIBILITY_2_BINDINGS	cmake/modules/visibility_2_options.cmake	Registered Vis2 module validated in both focused EPEC visibility configurations, with regularization disabled and enabled. Candidate and fresh main validation each produced loadable extensions, wheels, source distributions, generated stubs, and build-tree documentation.	The binding includes the build-tree-generated Vis2 documentation header and uses the lowercase cgalpy::vis2::docstrings namespace. Eighteen generated references document the two exposed visibility classes, constructors, attachment operations, arrangement access, and face and halfedge visibility-query overloads.	Generated Vis2 stubs parse successfully and match the live two-class public surface in both regularization configurations. The public method sets of both classes match exactly.	Generated declaration and definition sets match, all eighteen wrapper references resolve to declared symbols, runtime class and method documentation is nonempty, and no generated identifier has an unnecessary CGAL_ prefix.	Candidate and fresh main Release builds passed compilation, Vis2 stub generation, imports, attachment lifecycle checks, both visibility query overloads on both exposed classes, offline wheel and source-distribution packaging, both maintained Python examples, and exact CGAL C++ versus CGALPY Python parity for the general-polygon example with zero tested nanobind leak lines.	The current Python module exposes Simple_polygon_visibility_2 and Triangular_expansion_visibility_2. The documented Rotational_sweep_visibility_2 class is not bound. Focused validation covers EPEC arrangement bindings with regularization disabled and enabled; other kernels, arrangement traits, and visibility models remain outside this verified coverage.		VERIFIED-PARTIAL-CURRENT-SOURCE-CURRENT-RUNTIME
Voronoi_diagram_2	Voronoi_diagram_2	This package provides an adaptor that takes Delaunay graphs and gives them a view of planar subdivisions according to some adaptation policy.	GPL (v3 or later)	UNSUPPORTED				none	Dedicated JSON documentation input: src/libs/cgalpy/lib/docstrings/json/Voronoi_diagram_2.json. The exact ownership audit found no direct include of a public header owned by this package in tracked binding sources and no dedicated configuration, test, or authoritative build manifest.	No registered Python module or standalone stub exists for this package.	Documentation or example source material exists, but it is not connected to a registered binding module. Such source material alone does not constitute an exposed Python API.	No dedicated binding configuration, CMake test, or authoritative build manifest exists for this package.	The package has documentation or example source material but no Python binding route. Its classes and functions are not exposed through a standalone module, stub, generated module documentation, or dedicated variant.		VERIFIED-UNSUPPORTED-DOC-ONLY-CURRENT-SOURCE
Weights	Weights	This CGAL package enables to compute various weights.	LGPL (v3 or later)	UNSUPPORTED				none	Dedicated JSON documentation input: src/libs/cgalpy/lib/docstrings/json/Weights.json. The exact ownership audit found no direct include of a public header owned by this package in tracked binding sources and no dedicated configuration, test, or authoritative build manifest.	No registered Python module or standalone stub exists for this package.	Documentation or example source material exists, but it is not connected to a registered binding module. Such source material alone does not constitute an exposed Python API.	No dedicated binding configuration, CMake test, or authoritative build manifest exists for this package.	The package has documentation or example source material but no Python binding route. Its classes and functions are not exposed through a standalone module, stub, generated module documentation, or dedicated variant.		VERIFIED-UNSUPPORTED-DOC-ONLY-CURRENT-SOURCE
